原始序號,代號,名稱,收盤價,綜合評分,投資等級,技術評分,基本面評分,籌碼評分,風險等級,交易訊號,信心度,倉位建議,核心論點,狀態
0,0053,元大電子,$131.20,36.5,C,40,0,50,低,SELL,55%,不建議配置或減碼,綜合評估一般，需要更多催化劑,成功
1,0051,元大中型100,$86.70,35.0,C,45,0,50,低,HOLD,40%,不建議配置或減碼,綜合評估一般，需要更多催化劑,成功
2,0057,富邦摩台,$176.40,35.0,C,40,0,50,低,SELL,55%,不建議配置或減碼,綜合評估一般，需要更多催化劑,成功
3,0056,元大高股息,$37.04,33.0,C,35,0,50,低,SELL,65%,不建議配置或減碼,綜合評估一般，需要更多催化劑,成功
4,0055,元大MSCI金融,$30.65,31.0,C,40,0,30,低,SELL,50%,不建議配置或減碼,綜合評估一般，需要更多催化劑,成功
5,0050,元大台灣50,$60.05,35.8,C,40,0,50,低,SELL,55%,不建議配置或減碼,綜合評估一般，需要更多催化劑,成功
6,0052,富邦科技,$239.10,40.2,C+,40,0,75,低,SELL,55%,不建議配置或減碼,綜合評估一般，需要更多催化劑,成功
7,006203,元大MSCI台灣,$109.15,41.0,C+,55,0,50,低,HOLD,50%,不建議配置或減碼,綜合評估一般，需要更多催化劑,成功
8,006204,永豐臺灣加權,$136.20,35.0,C,45,0,50,低,HOLD,35%,不建議配置或減碼,綜合評估一般，需要更多催化劑,成功
9,0061,元大寶滬深,$22.16,38.2,C,50,0,50,低,HOLD,40%,不建議配置或減碼,綜合評估一般，需要更多催化劑,成功
10,006207,復華滬深,$29.27,34.8,C,40,0,50,低,SELL,50%,不建議配置或減碼,綜合評估一般，需要更多催化劑,成功
11,6205,詮欣,$41.85,49.8,C+,25,60,50,低,SELL,70%,不建議配置或減碼,綜合評估一般，需要更多催化劑,成功
12,6206,飛捷,$103.50,56.9,B,5,92,75,低,SELL,80%,小額試單5-10%,綜合評估一般，需要更多催化劑,成功
13,00625K,富邦上証+R,$8.82,33.2,C,40,0,50,低,SELL,50%,不建議配置或減碼,綜合評估一般，需要更多催化劑,成功
14,006208,富邦台50,$140.40,40.2,C+,40,0,75,低,SELL,55%,不建議配置或減碼,綜合評估一般，需要更多催化劑,成功
15,00631L,元大台灣50正2,$314.00,30.5,C,25,0,50,低,SELL,75%,不建議配置或減碼,綜合評估一般，需要更多催化劑,成功
16,00632R,元大台灣50反1,$17.93,19.2,D,0,0,50,低,SELL,80%,不建議配置或減碼,綜合評估一般，需要更多催化劑,成功
17,00633L,富邦上証正2,$48.59,33.2,C,40,0,50,低,SELL,60%,不建議配置或減碼,綜合評估一般，需要更多催化劑,成功
18,00634R,富邦上証反1,$3.28,21.2,D,10,0,50,低,SELL,80%,不建議配置或減碼,綜合評估一般，需要更多催化劑,成功
19,00635U,期元大S&P黃金,$41.70,40.0,C+,55,0,50,低,HOLD,45%,不建議配置或減碼,綜合評估一般，需要更多催化劑,成功
20,00636,國泰中國A50,$25.53,32.2,C,35,0,50,低,SELL,55%,不建議配置或減碼,綜合評估一般，需要更多催化劑,成功
21,00637L,元大滬深300正2,$19.63,31.5,C,35,0,50,低,SELL,65%,不建議配置或減碼,綜合評估一般，需要更多催化劑,成功
22,00638R,元大滬深300反1,$6.84,21.0,D,5,0,50,低,SELL,80%,不建議配置或減碼,綜合評估一般，需要更多催化劑,成功
23,00641R,富邦日本反1,$5.02,23.8,D,15,0,50,低,SELL,85%,不建議配置或減碼,綜合評估一般，需要更多催化劑,成功
24,00639,富邦深100,$14.86,39.8,C,45,0,75,低,HOLD,35%,不建議配置或減碼,綜合評估一般，需要更多催化劑,成功
25,00636K,國泰中國A50+U,$8.42,34.8,C,40,0,50,低,SELL,60%,不建議配置或減碼,綜合評估一般，需要更多催化劑,成功
26,00640L,富邦日本正2,$66.35,37.5,C,50,0,50,低,HOLD,45%,不建議配置或減碼,綜合評估一般，需要更多催化劑,成功
27,00642U,期元大S&P石油,$15.74,26.5,D,23,0,50,低,SELL,72%,不建議配置或減碼,綜合評估一般，需要更多催化劑,成功
28,00643K,群益深証中小+R,$3.83,32.2,C,35,0,50,低,SELL,60%,不建議配置或減碼,綜合評估一般，需要更多催化劑,成功
29,00643,群益深証中小,$16.54,35.8,C,40,0,50,低,SELL,55%,不建議配置或減碼,綜合評估一般，需要更多催化劑,成功
30,00645,富邦日本,$43.82,31.8,C,38,0,50,低,SELL,57%,不建議配置或減碼,綜合評估一般，需要更多催化劑,成功
31,00648R,元大S&P500反1,$4.39,23.8,D,13,0,50,低,SELL,90%,不建議配置或減碼,綜合評估一般，需要更多催化劑,成功
32,00647L,元大S&P500正2,$112.30,45.6,C+,71,0,50,低,BUY,95%,不建議配置或減碼,綜合評估一般，需要更多催化劑,成功
33,00646,元大S&P500,$64.20,41.8,C+,60,0,50,低,HOLD,50%,不建議配置或減碼,綜合評估一般，需要更多催化劑,成功
34,00651R,復華香港反1,$5.08,22.8,D,10,0,50,低,SELL,90%,不建議配置或減碼,綜合評估一般，需要更多催化劑,成功
35,00652,富邦印度,$35.31,27.0,D,20,0,50,低,SELL,85%,不建議配置或減碼,綜合評估一般，需要更多催化劑,成功
36,00650L,復華香港正2,$19.37,37.5,C,45,0,50,低,HOLD,45%,不建議配置或減碼,綜合評估一般，需要更多催化劑,成功
37,00654R,富邦印度反1,$6.44,32.2,C,35,0,50,低,SELL,60%,不建議配置或減碼,綜合評估一般，需要更多催化劑,成功
38,00655L,國泰中國A50正2,$33.75,40.0,C+,55,0,50,低,HOLD,45%,不建議配置或減碼,綜合評估一般，需要更多催化劑,成功
39,00656R,國泰中國A50反1,$6.09,21.2,D,10,0,50,低,SELL,75%,不建議配置或減碼,綜合評估一般，需要更多催化劑,成功
40,00653L,富邦印度正2,$54.30,28.0,D,23,0,50,低,SELL,72%,不建議配置或減碼,綜合評估一般，需要更多催化劑,成功
41,00657,國泰日經225,$54.15,34.8,C,40,0,50,低,SELL,50%,不建議配置或減碼,綜合評估一般，需要更多催化劑,成功
42,00657K,國泰日經225+U,$17.81,34.8,C,40,0,50,低,SELL,65%,不建議配置或減碼,綜合評估一般，需要更多催化劑,成功
43,00660,元大歐洲50,$40.62,35.2,C,50,0,30,低,HOLD,40%,不建議配置或減碼,綜合評估一般，需要更多催化劑,成功
44,00662,富邦NASDAQ,$97.50,41.8,C+,60,0,50,低,HOLD,50%,不建議配置或減碼,綜合評估一般，需要更多催化劑,成功
45,00661,元大日經225,$59.00,34.8,C,40,0,50,低,SELL,55%,不建議配置或減碼,綜合評估一般，需要更多催化劑,成功
46,00664R,國泰臺灣加權反1,$2.90,19.2,D,0,0,50,低,SELL,80%,不建議配置或減碼,綜合評估一般，需要更多催化劑,成功
47,00663L,國泰臺灣加權正2,$40.99,34.0,C,35,0,50,低,SELL,65%,不建議配置或減碼,綜合評估一般，需要更多催化劑,成功
48,00665L,富邦恒生國企正2,$12.53,37.5,C,45,0,50,低,HOLD,40%,不建議配置或減碼,綜合評估一般，需要更多催化劑,成功
49,00666R,富邦恒生國企反1,$8.27,22.8,D,10,0,50,低,SELL,90%,不建議配置或減碼,綜合評估一般，需要更多催化劑,成功
50,00668,國泰美國道瓊,$51.60,45.6,C+,71,0,50,低,BUY,95%,不建議配置或減碼,綜合評估一般，需要更多催化劑,成功
51,00668K,國泰美國道瓊+U,$16.99,34.8,C,40,0,50,低,SELL,50%,不建議配置或減碼,綜合評估一般，需要更多催化劑,成功
52,00670L,富邦NASDAQ正2,$162.00,37.5,C,45,0,50,低,HOLD,40%,不建議配置或減碼,綜合評估一般，需要更多催化劑,成功
53,00674R,期元大S&P黃金反1,$6.62,23.8,D,13,0,50,低,SELL,80%,不建議配置或減碼,綜合評估一般，需要更多催化劑,成功
54,00673R,期元大S&P原油反1,$6.85,39.0,C,50,0,50,低,HOLD,45%,不建議配置或減碼,綜合評估一般，需要更多催化劑,成功
55,00671R,富邦NASDAQ反1,$2.90,20.3,D,3,0,50,低,SELL,90%,不建議配置或減碼,綜合評估一般，需要更多催化劑,成功
56,00669R,國泰美國道瓊反1,$5.81,21.0,D,5,0,50,低,SELL,80%,不建議配置或減碼,綜合評估一般，需要更多催化劑,成功
57,00678,群益那斯達克生技,$29.83,40.8,C+,55,0,50,低,HOLD,50%,不建議配置或減碼,綜合評估一般，需要更多催化劑,成功
58,00675L,富邦臺灣加權正2,$124.70,30.5,C,25,0,50,低,SELL,75%,不建議配置或減碼,綜合評估一般，需要更多催化劑,成功
59,00676R,富邦臺灣加權反1,$9.85,19.2,D,0,0,50,低,SELL,80%,不建議配置或減碼,綜合評估一般，需要更多催化劑,成功
60,00682U,期元大美元指數,$20.06,32.5,C,40,0,50,低,SELL,55%,不建議配置或減碼,綜合評估一般，需要更多催化劑,成功
61,00680L,元大美債20正2,$7.48,33.2,C,40,0,50,低,SELL,50%,不建議配置或減碼,綜合評估一般，需要更多催化劑,成功
62,00683L,期元大美元指正2,$20.44,30.8,C,35,0,50,低,SELL,60%,不建議配置或減碼,綜合評估一般，需要更多催化劑,成功
63,00681R,元大美債20反1,$20.34,24.1,D,18,0,50,低,SELL,77%,不建議配置或減碼,綜合評估一般，需要更多催化劑,成功
64,00684R,期元大美元指反1,$15.74,27.2,D,25,0,50,低,SELL,70%,不建議配置或減碼,綜合評估一般，需要更多催化劑,成功
65,00686R,群益臺灣加權反1,$1.77,19.2,D,0,0,50,低,SELL,80%,不建議配置或減碼,綜合評估一般，需要更多催化劑,成功
66,00685L,群益臺灣加權正2,$112.25,34.2,C,25,0,75,低,SELL,75%,不建議配置或減碼,綜合評估一般，需要更多催化劑,成功
67,00688L,國泰20年美債正2,$7.46,34.8,C,40,0,50,低,SELL,50%,不建議配置或減碼,綜合評估一般，需要更多催化劑,成功
68,00689R,國泰20年美債反1,$20.99,24.1,D,18,0,50,低,SELL,77%,不建議配置或減碼,綜合評估一般，需要更多催化劑,成功
69,00692,富邦公司治理,$54.15,44.8,C+,55,0,75,低,HOLD,50%,不建議配置或減碼,綜合評估一般，需要更多催化劑,成功
70,00690,兆豐藍籌30,$41.96,37.5,C,45,0,50,低,HOLD,35%,不建議配置或減碼,綜合評估一般，需要更多催化劑,成功
71,00693U,期街口S&P黃豆,$20.00,37.5,C,50,0,50,低,HOLD,40%,不建議配置或減碼,綜合評估一般，需要更多催化劑,成功
72,00700,富邦恒生國企,$19.03,38.2,C,50,0,50,低,HOLD,40%,不建議配置或減碼,綜合評估一般，需要更多催化劑,成功
73,00701,國泰股利精選30,$27.69,38.2,C,50,0,50,低,HOLD,40%,不建議配置或減碼,綜合評估一般，需要更多催化劑,成功
74,00702,國泰標普低波高息,$22.90,36.5,C,45,0,50,低,HOLD,40%,不建議配置或減碼,綜合評估一般，需要更多催化劑,成功
75,00706L,期元大S&P日圓正2,$5.86,23.5,D,10,0,50,低,SELL,75%,不建議配置或減碼,綜合評估一般，需要更多催化劑,成功
76,00703,台新MSCI中國,$22.91,33.5,C,45,0,30,低,HOLD,35%,不建議配置或減碼,綜合評估一般，需要更多催化劑,成功
77,00707R,期元大S&P日圓反1,$29.12,32.5,C,40,0,50,低,SELL,60%,不建議配置或減碼,綜合評估一般，需要更多催化劑,成功
78,00708L,期元大S&P黃金正2,$74.10,37.0,C,50,0,30,低,HOLD,50%,不建議配置或減碼,綜合評估一般，需要更多催化劑,成功
79,00709,富邦歐洲,$34.02,45.6,C+,71,0,50,低,BUY,95%,不建議配置或減碼,綜合評估一般，需要更多催化劑,成功
80,00710B,復華彭博非投等債,$18.51,36.0,C,35,0,75,低,SELL,70%,不建議配置或減碼,綜合評估一般，需要更多催化劑,成功
81,00713,元大台灣高息低波,$51.10,36.0,C,35,0,75,低,SELL,60%,不建議配置或減碼,綜合評估一般，需要更多催化劑,成功
82,00712,復華富時不動產,$8.77,29.2,D,35,0,30,低,SELL,60%,不建議配置或減碼,綜合評估一般，需要更多催化劑,成功
83,00711B,復華彭博新興債,$15.93,30.5,C,30,0,50,低,SELL,60%,不建議配置或減碼,綜合評估一般，需要更多催化劑,成功
84,00714,群益道瓊美國地產,$19.97,34.8,C,40,0,50,低,SELL,55%,不建議配置或減碼,綜合評估一般，需要更多催化劑,成功
85,00715L,期街口布蘭特正2,$10.62,23.5,D,23,0,30,低,SELL,72%,不建議配置或減碼,綜合評估一般，需要更多催化劑,成功
86,00728,第一金工業30,$34.73,38.8,C,60,0,30,低,HOLD,50%,不建議配置或減碼,綜合評估一般，需要更多催化劑,成功
87,00717,富邦美國特別股,$14.90,32.2,C,35,0,50,低,SELL,60%,不建議配置或減碼,綜合評估一般，需要更多催化劑,成功
88,00730,富邦臺灣優質高息,$23.94,22.6,D,18,0,30,低,SELL,77%,不建議配置或減碼,綜合評估一般，需要更多催化劑,成功
89,00733,富邦臺灣中小,$47.75,35.5,C,40,0,50,低,SELL,65%,不建議配置或減碼,綜合評估一般，需要更多催化劑,成功
90,00731,復華富時高息低波,$67.65,34.8,C,40,0,50,低,SELL,50%,不建議配置或減碼,綜合評估一般，需要更多催化劑,成功
91,00735,國泰臺韓科技,$44.20,40.2,C+,40,0,75,低,SELL,55%,不建議配置或減碼,綜合評估一般，需要更多催化劑,成功
92,00736,國泰新興市場,$26.97,35.2,C,50,0,30,低,HOLD,40%,不建議配置或減碼,綜合評估一般，需要更多催化劑,成功
93,00737,國泰AI機器人,$36.07,41.8,C+,60,0,50,低,HOLD,50%,不建議配置或減碼,綜合評估一般，需要更多催化劑,成功
94,00738U,期元大道瓊白銀,$39.01,39.2,C,50,0,50,低,HOLD,50%,不建議配置或減碼,綜合評估一般，需要更多催化劑,成功
95,00739,元大MSCI A股,$26.21,34.5,C,35,0,75,低,SELL,55%,不建議配置或減碼,綜合評估一般，需要更多催化劑,成功
96,00752,中信中國50,$28.06,37.5,C,45,0,50,低,HOLD,35%,不建議配置或減碼,綜合評估一般，需要更多催化劑,成功
97,00753L,中信中國50正2,$14.56,38.2,C,45,0,50,低,HOLD,40%,不建議配置或減碼,綜合評估一般，需要更多催化劑,成功
98,00757,統一FANG+,$117.20,48.6,C+,69,0,75,低,BUY,89%,不建議配置或減碼,綜合評估一般，需要更多催化劑,成功
99,00762,元大全球AI,$84.00,41.0,C+,55,0,50,低,HOLD,50%,不建議配置或減碼,綜合評估一般，需要更多催化劑,成功
100,00771,元大US高息特別股,$15.96,30.0,C,35,0,50,低,SELL,55%,不建議配置或減碼,綜合評估一般，需要更多催化劑,成功
101,00850,元大臺灣ESG永續,$52.20,40.2,C+,45,0,75,低,HOLD,35%,不建議配置或減碼,綜合評估一般，需要更多催化劑,成功
102,00763U,期街口道瓊銅,$27.41,38.5,C,40,0,75,低,SELL,55%,不建議配置或減碼,綜合評估一般，需要更多催化劑,成功
103,00783,富邦中証500,$24.47,34.8,C,40,0,50,低,SELL,50%,不建議配置或減碼,綜合評估一般，需要更多催化劑,成功
104,00830,國泰費城半導體,$52.30,40.0,C+,50,0,50,低,HOLD,50%,不建議配置或減碼,綜合評估一般，需要更多催化劑,成功
105,00775B,新光投等債15+,$32.30,38.2,C,50,0,50,低,HOLD,40%,不建議配置或減碼,綜合評估一般，需要更多催化劑,成功
106,00770,國泰北美科技,$54.80,36.5,C,45,0,50,低,HOLD,35%,不建議配置或減碼,綜合評估一般，需要更多催化劑,成功
107,00852L,國泰美國道瓊正2,$28.57,34.8,C,40,0,50,低,SELL,50%,不建議配置或減碼,綜合評估一般，需要更多催化劑,成功
108,00851,台新全球AI,$55.70,41.8,C+,60,0,50,低,HOLD,55%,不建議配置或減碼,綜合評估一般，需要更多催化劑,成功
109,00861,元大全球未來通訊,$50.25,35.8,C,40,0,50,低,SELL,55%,不建議配置或減碼,綜合評估一般，需要更多催化劑,成功
110,00865B,國泰US短期公債,$45.23,36.5,C,45,0,50,低,HOLD,40%,不建議配置或減碼,綜合評估一般，需要更多催化劑,成功
111,00876,元大全球5G,$46.48,34.2,C,40,0,50,低,SELL,55%,不建議配置或減碼,綜合評估一般，需要更多催化劑,成功
112,00875,國泰網路資安,$40.08,45.6,C+,71,0,50,低,BUY,95%,不建議配置或減碼,綜合評估一般，需要更多催化劑,成功
113,00878,國泰永續高股息,$21.27,37.8,C,40,0,75,低,SELL,55%,不建議配置或減碼,綜合評估一般，需要更多催化劑,成功
114,00891,中信關鍵半導體,$18.37,36.8,C,35,0,75,低,SELL,60%,不建議配置或減碼,綜合評估一般，需要更多催化劑,成功
115,00885,富邦越南,$15.92,34.0,C,40,0,50,低,SELL,50%,不建議配置或減碼,綜合評估一般，需要更多催化劑,成功
116,00882,中信中國高股息,$13.94,32.5,C,40,0,50,低,SELL,50%,不建議配置或減碼,綜合評估一般，需要更多催化劑,成功
117,00881,國泰台灣科技龍頭,$30.10,54.1,B,71,0,95,低,BUY,91%,小額試單5-10%,綜合評估一般，需要更多催化劑,成功
118,00893,國泰智能電動車,$30.12,39.5,C,40,0,75,低,SELL,55%,不建議配置或減碼,綜合評估一般，需要更多催化劑,成功
119,00892,富邦台灣半導體,$19.92,40.2,C+,45,0,75,低,HOLD,35%,不建議配置或減碼,綜合評估一般，需要更多催化劑,成功
120,00895,富邦未來車,$36.77,35.8,C,40,0,50,低,SELL,55%,不建議配置或減碼,綜合評估一般，需要更多催化劑,成功
121,00894,中信小資高價30,$25.14,40.0,C+,50,0,50,低,HOLD,40%,不建議配置或減碼,綜合評估一般，需要更多催化劑,成功
122,00896,中信綠能及電動車,$18.75,42.0,C+,50,0,75,低,HOLD,40%,不建議配置或減碼,綜合評估一般，需要更多催化劑,成功
123,00898,國泰基因免疫革命,$7.14,44.5,C+,55,0,75,低,HOLD,50%,不建議配置或減碼,綜合評估一般，需要更多催化劑,成功
124,00897,富邦基因免疫生技,$7.87,39.0,C,50,0,50,低,HOLD,45%,不建議配置或減碼,綜合評估一般，需要更多催化劑,成功
125,00899,FT潔淨能源,$18.75,47.3,C+,71,0,50,低,BUY,91%,不建議配置或減碼,綜合評估一般，需要更多催化劑,成功
126,00902,中信電池及儲能,$12.00,34.0,C,35,0,50,低,SELL,65%,不建議配置或減碼,綜合評估一般，需要更多催化劑,成功
127,00901,永豐智能車供應鏈,$25.75,36.5,C,40,0,50,低,SELL,55%,不建議配置或減碼,綜合評估一般，需要更多催化劑,成功
128,00900,富邦特選高股息30,$13.48,33.0,C,35,0,50,低,SELL,60%,不建議配置或減碼,綜合評估一般，需要更多催化劑,成功
129,00905,FT臺灣Smart,$16.34,30.0,C,35,0,30,低,SELL,55%,不建議配置或減碼,綜合評估一般，需要更多催化劑,成功
130,00903,富邦元宇宙,$17.13,34.8,C,40,0,50,低,SELL,50%,不建議配置或減碼,綜合評估一般，需要更多催化劑,成功
131,00904,新光臺灣半導體30,$20.55,38.2,C,45,0,50,低,HOLD,35%,不建議配置或減碼,綜合評估一般，需要更多催化劑,成功
132,00907,永豐優息存股,$15.53,43.8,C+,55,0,75,低,HOLD,45%,不建議配置或減碼,綜合評估一般，需要更多催化劑,成功
133,00909,國泰數位支付服務,$44.76,41.8,C+,55,0,50,低,HOLD,55%,不建議配置或減碼,綜合評估一般，需要更多催化劑,成功
134,00908,富邦入息REITs+,$13.53,31.5,C,35,0,50,低,SELL,65%,不建議配置或減碼,綜合評估一般，需要更多催化劑,成功
135,00911,兆豐洲際半導體,$29.79,42.0,C+,45,0,75,低,HOLD,45%,不建議配置或減碼,綜合評估一般，需要更多催化劑,成功
136,00912,中信臺灣智慧50,$20.57,45.5,C+,60,0,75,低,HOLD,50%,不建議配置或減碼,綜合評估一般，需要更多催化劑,成功
137,00915,凱基優選高股息30,$22.44,38.0,C,43,0,75,低,HOLD,38%,不建議配置或減碼,綜合評估一般，需要更多催化劑,成功
138,00913,兆豐台灣晶圓製造,$22.11,41.8,C+,60,0,50,低,HOLD,50%,不建議配置或減碼,綜合評估一般，需要更多催化劑,成功
139,00910,第一金太空衛星,$42.24,47.3,C+,71,0,50,低,BUY,81%,不建議配置或減碼,綜合評估一般，需要更多催化劑,成功
140,00916,國泰全球品牌50,$26.12,32.2,C,35,0,50,低,SELL,65%,不建議配置或減碼,綜合評估一般，需要更多催化劑,成功
141,00917,中信特選金融,$23.19,29.5,D,38,0,30,低,SELL,57%,不建議配置或減碼,綜合評估一般，需要更多催化劑,成功
142,00919,群益台灣精選高息,$21.15,34.3,C,43,0,50,低,HOLD,38%,不建議配置或減碼,綜合評估一般，需要更多催化劑,成功
143,00918,大華優利高填息30,$22.32,38.8,C,43,0,75,低,HOLD,38%,不建議配置或減碼,綜合評估一般，需要更多催化劑,成功
144,00920,富邦ESG綠色電力,$16.51,40.0,C+,50,0,50,低,HOLD,40%,不建議配置或減碼,綜合評估一般，需要更多催化劑,成功
145,00921,兆豐龍頭等權重,$17.19,32.5,C,25,0,75,低,SELL,70%,不建議配置或減碼,綜合評估一般，需要更多催化劑,成功
146,00922,國泰台灣領袖50,$25.31,38.0,C,55,0,30,低,HOLD,50%,不建議配置或減碼,綜合評估一般，需要更多催化劑,成功
147,00924,復華S&P500成長,$27.86,28.5,D,35,0,30,低,SELL,55%,不建議配置或減碼,綜合評估一般，需要更多催化劑,成功
148,00923,群益台ESG低碳50,$23.94,42.8,C+,60,0,50,低,HOLD,50%,不建議配置或減碼,綜合評估一般，需要更多催化劑,成功
149,00926,凱基全球菁英55,$22.99,47.7,C+,77,0,50,低,BUY,95%,不建議配置或減碼,綜合評估一般，需要更多催化劑,成功
150,00930,永豐ESG低碳高息,$17.27,40.5,C+,48,0,75,低,HOLD,43%,不建議配置或減碼,綜合評估一般，需要更多催化劑,成功
151,00932,兆豐永續高息等權,$14.47,36.3,C,38,0,75,低,SELL,57%,不建議配置或減碼,綜合評估一般，需要更多催化劑,成功
152,00927,群益半導體收益,$19.84,39.5,C,40,0,75,低,SELL,70%,不建議配置或減碼,綜合評估一般，需要更多催化劑,成功
153,00929,復華台灣科技優息,$18.50,37.0,C,40,0,75,低,SELL,55%,不建議配置或減碼,綜合評估一般，需要更多催化劑,成功
154,00934,中信成長高股息,$19.95,36.8,C,35,0,75,低,SELL,60%,不建議配置或減碼,綜合評估一般，需要更多催化劑,成功
155,00936,台新永續高息中小,$15.73,40.5,C+,48,0,75,低,HOLD,43%,不建議配置或減碼,綜合評估一般，需要更多催化劑,成功
156,00935,野村臺灣新科技50,$27.12,42.0,C+,45,0,75,低,HOLD,35%,不建議配置或減碼,綜合評估一般，需要更多催化劑,成功
157,00938,凱基優選30,$16.17,35.0,C,45,0,50,低,HOLD,35%,不建議配置或減碼,綜合評估一般，需要更多催化劑,成功
158,00941,中信上游半導體,$16.04,44.8,C+,55,0,75,低,HOLD,50%,不建議配置或減碼,綜合評估一般，需要更多催化劑,成功
159,00939,統一台灣高息動能,$13.97,37.8,C,40,0,75,低,SELL,55%,不建議配置或減碼,綜合評估一般，需要更多催化劑,成功
160,00940,元大台灣價值高息,$9.46,33.0,C,35,0,50,低,SELL,70%,不建議配置或減碼,綜合評估一般，需要更多催化劑,成功
161,00944,野村趨勢動能高息,$14.15,27.3,D,23,0,50,低,SELL,72%,不建議配置或減碼,綜合評估一般，需要更多催化劑,成功
162,00945B,凱基美國非投等債,$14.12,33.8,C,50,0,25,低,HOLD,45%,不建議配置或減碼,綜合評估一般，需要更多催化劑,成功
163,00943,兆豐電子高息等權,$14.71,34.8,C,40,0,50,低,SELL,55%,不建議配置或減碼,綜合評估一般，需要更多催化劑,成功
164,00946,群益科技高息成長,$10.26,32.2,C,35,0,50,低,SELL,60%,不建議配置或減碼,綜合評估一般，需要更多催化劑,成功
165,00949,復華日本龍頭,$17.28,32.8,C,45,0,30,低,HOLD,35%,不建議配置或減碼,綜合評估一般，需要更多催化劑,成功
166,00951,台新日本半導體,$10.37,41.8,C+,55,0,50,低,HOLD,50%,不建議配置或減碼,綜合評估一般，需要更多催化劑,成功
167,00952,凱基台灣AI50,$11.38,34.8,C,40,0,50,低,SELL,50%,不建議配置或減碼,綜合評估一般，需要更多催化劑,成功
168,00953B,群益優選非投等債,$9.53,37.5,C,50,0,50,低,HOLD,45%,不建議配置或減碼,綜合評估一般，需要更多催化劑,成功
169,00947,台新臺灣IC設計,$15.64,37.8,C,35,0,75,低,SELL,70%,不建議配置或減碼,綜合評估一般，需要更多催化劑,成功
170,00954,中信日本半導體,$10.94,36.5,C,40,0,50,低,SELL,60%,不建議配置或減碼,綜合評估一般，需要更多催化劑,成功
171,00956,中信日經高股息,$10.45,37.8,C,53,0,50,低,HOLD,48%,不建議配置或減碼,綜合評估一般，需要更多催化劑,成功
172,00960,野村全球航運龍頭,$13.67,22.6,D,18,0,30,低,SELL,87%,不建議配置或減碼,綜合評估一般，需要更多催化劑,成功
173,00962,台新AI優息動能,$10.93,41.8,C+,60,0,50,低,HOLD,50%,不建議配置或減碼,綜合評估一般，需要更多催化劑,成功
174,00963,中信全球高股息,$10.75,31.8,C,40,0,30,低,SELL,50%,不建議配置或減碼,綜合評估一般，需要更多催化劑,成功
175,00961,FT臺灣永續高息,$9.35,43.8,C+,55,0,75,低,HOLD,50%,不建議配置或減碼,綜合評估一般，需要更多催化劑,成功
176,00965,元大航太防衛科技,$22.47,38.8,C,60,0,30,低,HOLD,50%,不建議配置或減碼,綜合評估一般，需要更多催化劑,成功
177,00964,中信亞太高股息,$10.76,34.0,C,40,0,50,低,SELL,55%,不建議配置或減碼,綜合評估一般，需要更多催化劑,成功
178,00971,野村美國研發龍頭,$16.20,34.8,C,40,0,50,低,SELL,50%,不建議配置或減碼,綜合評估一般，需要更多催化劑,成功
179,009800,中信NASDAQ,$10.57,36.5,C,45,0,50,低,HOLD,35%,不建議配置或減碼,綜合評估一般，需要更多催化劑,成功
180,009801,中信美國創新科技,$10.92,32.0,C,45,0,30,低,HOLD,35%,不建議配置或減碼,綜合評估一般，需要更多催化劑,成功
181,00972,野村日本動能高息,$16.30,34.3,C,43,0,50,低,HOLD,38%,不建議配置或減碼,綜合評估一般，需要更多催化劑,成功
182,9802,鈺齊-KY,$104.50,55.3,B,45,41,75,低,HOLD,40%,小額試單5-10%,基本面穩健，短期動能強勁，適合波段操作,成功
183,009804,聯邦台精彩50,$13.64,36.5,C,45,0,50,低,HOLD,35%,不建議配置或減碼,綜合評估一般，需要更多催化劑,成功
184,009803,保德信市值動能50,$12.11,33.0,C,35,0,50,低,SELL,60%,不建議配置或減碼,綜合評估一般，需要更多催化劑,成功
185,009805,新光美國電力基建,$12.17,38.2,C,50,0,50,低,HOLD,40%,不建議配置或減碼,綜合評估一般，需要更多催化劑,成功
186,009808,華南永昌優選50,$18.82,37.5,C,45,0,50,低,HOLD,40%,不建議配置或減碼,綜合評估一般，需要更多催化劑,成功
187,00980A,主動野村臺灣優選,$13.91,42.0,C+,50,0,75,低,HOLD,40%,不建議配置或減碼,綜合評估一般，需要更多催化劑,成功
188,00981A,主動統一台股增長,$14.03,36.8,C,35,0,75,低,SELL,70%,不建議配置或減碼,綜合評估一般，需要更多催化劑,成功
189,00983A,主動中信ARK創新,$12.88,40.0,C+,50,0,50,低,HOLD,40%,不建議配置或減碼,綜合評估一般，需要更多催化劑,成功
190,00982A,主動群益台灣強棒,$13.26,39.2,C,40,0,75,低,SELL,60%,不建議配置或減碼,綜合評估一般，需要更多催化劑,成功
191,01001T,土銀富邦R1,$12.46,35.3,C,48,0,50,低,HOLD,43%,不建議配置或減碼,綜合評估一般，需要更多催化劑,成功
192,01007T,兆豐國泰R2,$14.28,27.0,D,20,0,50,低,SELL,70%,不建議配置或減碼,綜合評估一般，需要更多催化劑,成功
193,01004T,土銀富邦R2,$11.26,37.5,C,50,0,50,低,HOLD,40%,不建議配置或減碼,綜合評估一般，需要更多催化劑,成功
194,01002T,土銀國泰R1,$14.91,35.0,C,45,0,50,低,HOLD,35%,不建議配置或減碼,綜合評估一般，需要更多催化劑,成功
195,01010T,京城樂富R1,$10.02,30.8,C,35,0,50,低,SELL,55%,不建議配置或減碼,綜合評估一般，需要更多催化劑,成功
196,01009T,王道圓滿R1,$7.14,30.8,C,35,0,50,低,SELL,75%,不建議配置或減碼,綜合評估一般，需要更多催化劑,成功
197,1101,台泥,$23.70,50.5,B,40,58,25,低,SELL,55%,小額試單5-10%,綜合評估一般，需要更多催化劑,成功
198,1101B,台泥乙特,$45.75,47.3,C+,20,58,50,低,SELL,70%,不建議配置或減碼,綜合評估一般，需要更多催化劑,成功
199,1103,嘉泥,$13.30,29.4,D,10,32,30,低,SELL,80%,不建議配置或減碼,綜合評估一般，需要更多催化劑,成功
200,1102,亞泥,$37.35,36.2,C,10,47,25,低,SELL,80%,不建議配置或減碼,綜合評估一般，需要更多催化劑,成功
201,1104,環泥,$30.40,60.0,B+,35,62,100,低,SELL,55%,小額試單5-10%,綜合評估一般，需要更多催化劑,成功
202,1108,幸福,$15.05,55.0,B,35,67,50,低,SELL,55%,小額試單5-10%,綜合評估一般，需要更多催化劑,成功
203,1201,味全,$15.20,33.8,C,5,45,30,低,SELL,90%,不建議配置或減碼,綜合評估一般，需要更多催化劑,成功
204,1203,味王,$39.90,51.0,B,35,58,50,低,SELL,55%,小額試單5-10%,綜合評估一般，需要更多催化劑,成功
205,1110,東泥,$16.85,42.7,C+,10,57,50,低,SELL,80%,不建議配置或減碼,綜合評估一般，需要更多催化劑,成功
206,1210,大成,$51.30,41.3,C+,13,50,50,低,SELL,80%,不建議配置或減碼,綜合評估一般，需要更多催化劑,成功
207,1109,信大,$15.70,36.2,C,10,45,30,低,SELL,80%,不建議配置或減碼,綜合評估一般，需要更多催化劑,成功
208,1215,卜蜂,$138.00,50.5,B,45,55,25,低,HOLD,40%,小額試單5-10%,綜合評估一般，需要更多催化劑,成功
209,1213,大飲,$12.05,45.5,C+,10,65,50,低,SELL,85%,不建議配置或減碼,綜合評估一般，需要更多催化劑,成功
210,1217,愛之味,$10.45,29.8,D,13,30,30,低,SELL,80%,不建議配置或減碼,綜合評估一般，需要更多催化劑,成功
211,1219,福壽,$13.55,31.4,C,15,22,50,低,SELL,80%,不建議配置或減碼,綜合評估一般，需要更多催化劑,成功
212,1218,泰山,$18.90,44.5,C+,25,47,50,低,SELL,70%,不建議配置或減碼,綜合評估一般，需要更多催化劑,成功
213,1220,台榮,$13.15,49.5,C+,40,42,50,低,SELL,60%,不建議配置或減碼,綜合評估一般，需要更多催化劑,成功
214,1216,統一,$77.40,46.5,C+,13,80,15,低,SELL,80%,不建議配置或減碼,綜合評估一般，需要更多催化劑,成功
215,1225,福懋油,$30.45,50.8,B,50,38,50,低,HOLD,45%,小額試單5-10%,基本面穩健，短期動能強勁，適合波段操作,成功
216,1227,佳格,$30.10,38.3,C,5,58,30,低,SELL,80%,不建議配置或減碼,綜合評估一般，需要更多催化劑,成功
217,1229,聯華,$48.45,58.0,B,53,45,75,低,HOLD,48%,小額試單5-10%,綜合評估一般，需要更多催化劑,成功
218,1232,大統益,$146.50,36.5,C,8,50,30,低,SELL,95%,不建議配置或減碼,綜合評估一般，需要更多催化劑,成功
219,1231,聯華食,$121.50,36.5,C,3,60,30,低,SELL,85%,不建議配置或減碼,綜合評估一般，需要更多催化劑,成功
220,1233,天仁,$30.80,53.2,B,55,42,50,低,HOLD,45%,小額試單5-10%,綜合評估一般，需要更多催化劑,成功
221,1234,黑松,$37.95,31.8,C,3,33,50,低,SELL,80%,不建議配置或減碼,綜合評估一般，需要更多催化劑,成功
222,1235,興泰,$65.00,57.1,B,71,40,50,中,BUY,95%,小額試單5-10%,綜合評估一般，需要更多催化劑,成功
223,1256,鮮活果汁-KY,$174.00,48.3,C+,35,48,50,低,SELL,60%,不建議配置或減碼,綜合評估一般，需要更多催化劑,成功
224,1236,宏亞,$27.45,49.8,C+,60,25,50,中,HOLD,60%,不建議配置或減碼,基本面穩健，短期動能強勁，適合波段操作,成功
225,1308,亞聚,$11.45,20.1,D,8,10,30,中,SELL,80%,不建議配置或減碼,綜合評估一般，需要更多催化劑,成功
226,1304,台聚,$9.86,20.1,D,8,10,30,中,SELL,80%,不建議配置或減碼,綜合評估一般，需要更多催化劑,成功
227,1309,台達化,$10.70,31.5,C,10,30,50,中,SELL,80%,不建議配置或減碼,綜合評估一般，需要更多催化劑,成功
228,1301,台塑,$36.65,21.5,D,8,27,0,中,SELL,80%,不建議配置或減碼,綜合評估一般，需要更多催化劑,成功
229,1305,華夏,$10.90,23.6,D,18,10,30,中,SELL,77%,不建議配置或減碼,綜合評估一般，需要更多催化劑,成功
230,1307,三芳,$30.35,53.5,B,20,82,35,低,SELL,75%,小額試單5-10%,綜合評估一般，需要更多催化劑,成功
231,1303,南亞,$38.55,38.0,C,48,17,50,中,HOLD,43%,不建議配置或減碼,綜合評估一般，需要更多催化劑,成功
232,1310,台苯,$8.36,29.0,D,5,30,50,中,SELL,80%,不建議配置或減碼,綜合評估一般，需要更多催化劑,成功
233,1312,國喬,$9.11,26.6,D,8,20,50,中,SELL,80%,不建議配置或減碼,綜合評估一般，需要更多催化劑,成功
234,1312A,國喬特,$21.10,27.2,D,10,20,50,中,SELL,80%,不建議配置或減碼,綜合評估一般，需要更多催化劑,成功
235,1315,達新,$65.60,51.5,B,77,15,50,低,BUY,95%,小額試單5-10%,綜合評估一般，需要更多催化劑,成功
236,1314,中石化,$7.12,32.5,C,15,30,50,中,SELL,80%,不建議配置或減碼,綜合評估一般，需要更多催化劑,成功
237,1316,上曜,$14.65,45.5,C+,40,40,50,中,SELL,50%,不建議配置或減碼,綜合評估一般，需要更多催化劑,成功
238,1319,東陽,$92.80,44.0,C+,10,82,0,低,SELL,80%,不建議配置或減碼,綜合評估一般，需要更多催化劑,成功
239,1323,永裕,$19.75,44.7,C+,20,42,75,低,SELL,75%,不建議配置或減碼,綜合評估一般，需要更多催化劑,成功
240,1321,大洋,$36.40,31.4,C,25,17,50,中,SELL,80%,不建議配置或減碼,綜合評估一般，需要更多催化劑,成功
241,1324,地球,$10.95,37.0,C,45,15,50,中,HOLD,40%,不建議配置或減碼,綜合評估一般，需要更多催化劑,成功
242,1325,恆大,$30.75,37.5,C,45,10,50,中,HOLD,40%,不建議配置或減碼,綜合評估一般，需要更多催化劑,成功
243,1326,台化,$27.50,28.8,D,18,27,30,中,SELL,77%,不建議配置或減碼,綜合評估一般，需要更多催化劑,成功
244,1337,再生-KY,$5.05,27.5,D,15,20,50,中,SELL,80%,不建議配置或減碼,綜合評估一般，需要更多催化劑,成功
245,1338,廣華-KY,$21.80,26.6,D,13,15,50,中,SELL,80%,不建議配置或減碼,綜合評估一般，需要更多催化劑,成功
246,1340,勝悅-KY,$7.37,37.0,C,43,10,50,中,HOLD,43%,不建議配置或減碼,基本面穩健，短期動能強勁，適合波段操作,成功
247,1341,富林-KY,$60.00,51.8,B,15,80,50,低,SELL,85%,小額試單5-10%,綜合評估一般，需要更多催化劑,成功
248,1339,昭輝,$41.90,42.0,C+,15,50,50,低,SELL,85%,不建議配置或減碼,綜合評估一般，需要更多催化劑,成功
249,1342,八貫,$85.10,52.8,B,20,65,75,低,SELL,75%,小額試單5-10%,綜合評估一般，需要更多催化劑,成功
250,1402,遠東新,$27.40,35.3,C,13,50,10,低,SELL,80%,不建議配置或減碼,綜合評估一般，需要更多催化劑,成功
251,1409,新纖,$14.20,58.8,B,40,58,80,低,SELL,50%,小額試單5-10%,綜合評估一般，需要更多催化劑,成功
252,1410,南染,$34.65,43.0,C+,25,47,50,低,SELL,70%,不建議配置或減碼,綜合評估一般，需要更多催化劑,成功
253,1414,東和,$18.50,39.2,C,35,22,50,低,SELL,55%,不建議配置或減碼,綜合評估一般，需要更多催化劑,成功
254,1413,宏洲,$10.55,38.2,C,10,42,50,低,SELL,80%,不建議配置或減碼,綜合評估一般，需要更多催化劑,成功
255,1416,廣豐,$11.50,44.3,C+,25,53,30,低,SELL,70%,不建議配置或減碼,綜合評估一般，需要更多催化劑,成功
256,1417,嘉裕,$8.27,36.8,C,40,15,50,中,SELL,55%,不建議配置或減碼,綜合評估一般，需要更多催化劑,成功
257,1419,新紡,$52.90,45.6,C+,28,58,30,低,SELL,67%,不建議配置或減碼,綜合評估一般，需要更多催化劑,成功
258,1418,東華,$21.05,26.5,D,10,15,50,低,SELL,80%,不建議配置或減碼,綜合評估一般，需要更多催化劑,成功
259,1432,大魯閣,$17.40,38.5,C,40,20,50,中,SELL,65%,不建議配置或減碼,綜合評估一般，需要更多催化劑,成功
260,1423,利華,$38.00,38.2,C,35,30,30,低,SELL,75%,不建議配置或減碼,綜合評估一般，需要更多催化劑,成功
261,1434,福懋,$15.15,36.5,C,5,40,60,低,SELL,80%,不建議配置或減碼,綜合評估一般，需要更多催化劑,成功
262,1435,中福,$24.35,33.2,C,10,40,50,中,SELL,85%,不建議配置或減碼,綜合評估一般，需要更多催化劑,成功
263,1436,華友聯,$71.00,52.5,B,13,85,50,低,SELL,80%,小額試單5-10%,綜合評估一般，需要更多催化劑,成功
264,1437,勤益控,$30.80,44.0,C+,23,50,50,低,SELL,72%,不建議配置或減碼,綜合評估一般，需要更多催化劑,成功
265,1438,三地開發,$36.05,26.0,D,5,30,30,中,SELL,80%,不建議配置或減碼,綜合評估一般，需要更多催化劑,成功
266,1439,雋揚,$28.65,36.8,C,10,40,50,低,SELL,75%,不建議配置或減碼,綜合評估一般，需要更多催化劑,成功
267,1440,南紡,$13.30,28.5,D,23,17,30,中,SELL,72%,不建議配置或減碼,綜合評估一般，需要更多催化劑,成功
268,1442,名軒,$39.00,49.5,C+,8,92,30,低,SELL,85%,不建議配置或減碼,綜合評估一般，需要更多催化劑,成功
269,1444,力麗,$6.53,24.2,D,10,20,30,中,SELL,80%,不建議配置或減碼,綜合評估一般，需要更多催化劑,成功
270,1441,大東,$11.20,31.4,C,5,37,50,中,SELL,85%,不建議配置或減碼,綜合評估一般，需要更多催化劑,成功
271,1443,立益物流,$28.65,43.0,C+,15,55,50,低,SELL,80%,不建議配置或減碼,綜合評估一般，需要更多催化劑,成功
272,1445,大宇,$14.75,30.5,C,40,10,30,中,SELL,55%,不建議配置或減碼,綜合評估一般，需要更多催化劑,成功
273,1446,宏和,$19.50,54.7,B,18,92,30,低,SELL,77%,小額試單5-10%,綜合評估一般，需要更多催化劑,成功
274,1313,聯成,$10.15,39.2,C,35,27,50,中,SELL,60%,不建議配置或減碼,綜合評估一般，需要更多催化劑,成功
275,1454,台富,$14.00,25.5,D,5,20,50,中,SELL,90%,不建議配置或減碼,綜合評估一般，需要更多催化劑,成功
276,1447,力鵬,$5.71,31.8,C,13,30,50,中,SELL,80%,不建議配置或減碼,綜合評估一般，需要更多催化劑,成功
277,1452,宏益,$12.75,42.2,C+,38,37,50,中,SELL,57%,不建議配置或減碼,綜合評估一般，需要更多催化劑,成功
278,1451,年興,$17.75,36.8,C,10,40,50,低,SELL,75%,不建議配置或減碼,綜合評估一般，需要更多催化劑,成功
279,1453,大將,$13.55,38.0,C,43,20,50,中,HOLD,33%,不建議配置或減碼,綜合評估一般，需要更多催化劑,成功
280,1455,集盛,$8.66,30.2,C,10,37,30,中,SELL,80%,不建議配置或減碼,綜合評估一般，需要更多催化劑,成功
281,1449,佳和,$12.20,36.8,C,20,30,50,低,SELL,75%,不建議配置或減碼,綜合評估一般，需要更多催化劑,成功
282,1456,怡華,$12.30,59.5,B,55,58,50,低,HOLD,50%,小額試單5-10%,綜合評估一般，需要更多催化劑,成功
283,1457,宜進,$16.70,43.5,C+,15,50,50,低,SELL,80%,不建議配置或減碼,綜合評估一般，需要更多催化劑,成功
284,1459,聯發,$11.75,48.0,C+,25,55,50,低,SELL,70%,不建議配置或減碼,綜合評估一般，需要更多催化劑,成功
285,1460,宏遠,$5.84,26.2,D,0,27,50,中,SELL,75%,不建議配置或減碼,綜合評估一般，需要更多催化劑,成功
286,1463,強盛新,$21.45,72.5,A,40,77,50,低,SELL,60%,可配置20-30%資金,綜合評估一般，需要更多催化劑,成功
287,1464,得力,$11.15,41.5,C+,10,60,30,低,SELL,75%,不建議配置或減碼,綜合評估一般，需要更多催化劑,成功
288,1465,偉全,$13.30,32.5,C,35,10,50,中,SELL,70%,不建議配置或減碼,綜合評估一般，需要更多催化劑,成功
289,1467,南緯,$7.50,33.2,C,10,35,50,中,SELL,80%,不建議配置或減碼,綜合評估一般，需要更多催化劑,成功
290,1470,大統新創,$22.55,57.5,B,50,57,50,低,HOLD,50%,小額試單5-10%,基本面穩健，短期動能強勁，適合波段操作,成功
291,1468,昶和,$12.15,27.3,D,3,30,50,中,SELL,85%,不建議配置或減碼,綜合評估一般，需要更多催化劑,成功
292,1466,聚隆,$16.95,44.5,C+,40,37,50,中,SELL,60%,不建議配置或減碼,綜合評估一般，需要更多催化劑,成功
293,1471,首利,$9.41,28.3,D,13,20,50,中,SELL,80%,不建議配置或減碼,綜合評估一般，需要更多催化劑,成功
294,1472,三洋實業,$87.30,40.0,C+,5,63,30,低,SELL,80%,不建議配置或減碼,綜合評估一般，需要更多催化劑,成功
295,1473,台南,$29.70,58.5,B,50,55,50,低,HOLD,50%,小額試單5-10%,基本面穩健，短期動能強勁，適合波段操作,成功
296,1475,業旺,$33.40,57.0,B,15,80,75,低,SELL,80%,小額試單5-10%,綜合評估一般，需要更多催化劑,成功
297,1474,弘裕,$12.00,34.2,C,10,35,50,低,SELL,80%,不建議配置或減碼,綜合評估一般，需要更多催化劑,成功
298,1476,儒鴻,$440.00,70.8,A,40,85,25,低,SELL,65%,可配置20-30%資金,綜合評估一般，需要更多催化劑,成功
299,1477,聚陽,$273.00,50.3,B,38,70,10,低,SELL,57%,小額試單5-10%,綜合評估一般，需要更多催化劑,成功
300,1503,士電,$178.50,41.3,C+,18,60,25,低,SELL,77%,不建議配置或減碼,綜合評估一般，需要更多催化劑,成功
301,1506,正道,$12.65,42.2,C+,43,27,50,低,HOLD,38%,不建議配置或減碼,綜合評估一般，需要更多催化劑,成功
302,1513,中興電,$155.00,53.0,B,8,80,70,低,SELL,85%,小額試單5-10%,綜合評估一般，需要更多催化劑,成功
303,1504,東元,$113.50,53.0,B,35,37,95,低,SELL,75%,小額試單5-10%,基本面穩健，短期動能強勁，適合波段操作,成功
304,1512,瑞利,$8.25,36.3,C,43,15,50,中,HOLD,38%,不建議配置或減碼,綜合評估一般，需要更多催化劑,成功
305,1515,力山,$28.15,23.8,D,8,15,50,中,SELL,85%,不建議配置或減碼,綜合評估一般，需要更多催化劑,成功
306,1514,亞力,$98.70,41.3,C+,18,45,50,低,SELL,77%,不建議配置或減碼,綜合評估一般，需要更多催化劑,成功
307,1516,川飛,$15.30,38.2,C,40,17,50,中,SELL,70%,不建議配置或減碼,綜合評估一般，需要更多催化劑,成功
308,1517,利奇,$10.85,37.5,C,35,20,50,中,SELL,55%,不建議配置或減碼,綜合評估一般，需要更多催化劑,成功
309,1522A,堤維西甲特,$48.55,50.0,B,43,47,50,低,HOLD,38%,小額試單5-10%,綜合評估一般，需要更多催化劑,成功
310,1519,華城,$572.00,43.8,C+,8,77,25,低,SELL,80%,不建議配置或減碼,綜合評估一般，需要更多催化劑,成功
311,1522,堤維西,$40.90,38.5,C,23,47,15,低,SELL,72%,不建議配置或減碼,綜合評估一般，需要更多催化劑,成功
312,1521,大億,$25.00,30.9,C,20,22,50,中,SELL,75%,不建議配置或減碼,綜合評估一般，需要更多催化劑,成功
313,1524,耿鼎,$27.30,53.0,B,13,92,30,低,SELL,80%,小額試單5-10%,綜合評估一般，需要更多催化劑,成功
314,1525,江申,$67.60,48.3,C+,58,23,50,低,HOLD,53%,不建議配置或減碼,綜合評估一般，需要更多催化劑,成功
315,1526,日馳,$16.50,24.0,D,3,22,50,中,SELL,80%,不建議配置或減碼,綜合評估一般，需要更多催化劑,成功
316,1527,鑽全,$32.70,43.8,C+,10,58,50,低,SELL,80%,不建議配置或減碼,綜合評估一般，需要更多催化劑,成功
317,1529,樂事綠能,$22.20,34.0,C,8,37,50,低,SELL,85%,不建議配置或減碼,綜合評估一般，需要更多催化劑,成功
318,1530,亞崴,$27.40,31.4,C,25,17,50,中,SELL,70%,不建議配置或減碼,綜合評估一般，需要更多催化劑,成功
319,1528,恩德,$15.25,22.5,D,10,15,30,中,SELL,80%,不建議配置或減碼,綜合評估一般，需要更多催化劑,成功
320,1531,高林股,$11.55,31.2,C,10,42,30,中,SELL,80%,不建議配置或減碼,綜合評估一般，需要更多催化劑,成功
321,1532,勤美,$27.45,46.8,C+,40,35,75,中,SELL,65%,不建議配置或減碼,綜合評估一般，需要更多催化劑,成功
322,1533,車王電,$31.30,35.2,C,35,22,50,中,SELL,60%,不建議配置或減碼,綜合評估一般，需要更多催化劑,成功
323,1535,中宇,$55.10,46.2,C+,10,65,50,低,SELL,80%,不建議配置或減碼,綜合評估一般，需要更多催化劑,成功
324,1536,和大,$61.40,30.8,C,23,17,50,中,SELL,77%,不建議配置或減碼,綜合評估一般，需要更多催化劑,成功
325,1537,廣隆,$130.00,58.7,B,15,87,75,低,SELL,80%,小額試單5-10%,綜合評估一般，需要更多催化劑,成功
326,1539,巨庭,$17.65,25.8,D,13,17,50,中,SELL,80%,不建議配置或減碼,綜合評估一般，需要更多催化劑,成功
327,1560,中砂,$341.00,73.2,A,55,77,35,低,HOLD,50%,可配置20-30%資金,基本面優異且技術面向好，具備中長期投資價值,成功
328,1538,正峰,$26.20,23.1,D,8,10,50,中,SELL,80%,不建議配置或減碼,綜合評估一般，需要更多催化劑,成功
329,1558,伸興,$90.40,50.1,B,13,73,50,低,SELL,80%,小額試單5-10%,綜合評估一般，需要更多催化劑,成功
330,1541,錩泰,$25.60,32.5,C,15,27,50,低,SELL,80%,不建議配置或減碼,綜合評估一般，需要更多催化劑,成功
331,1540,喬福,$23.95,35.5,C,13,42,30,低,SELL,80%,不建議配置或減碼,綜合評估一般，需要更多催化劑,成功
332,1563,巧新,$47.10,34.8,C,8,45,30,低,SELL,80%,不建議配置或減碼,綜合評估一般，需要更多催化劑,成功
333,1568,倉佑,$22.90,38.8,C,18,38,50,低,SELL,77%,不建議配置或減碼,綜合評估一般，需要更多催化劑,成功
334,1582,信錦,$68.40,45.5,C+,5,70,50,低,SELL,80%,不建議配置或減碼,綜合評估一般，需要更多催化劑,成功
335,1587,吉茂,$40.55,43.2,C+,43,32,50,中,HOLD,38%,不建議配置或減碼,基本面穩健，短期動能強勁，適合波段操作,成功
336,1589,永冠-KY,$23.05,37.8,C,40,15,50,低,SELL,70%,不建議配置或減碼,綜合評估一般，需要更多催化劑,成功
337,1590,亞德客-KY,$810.00,73.2,A,55,75,25,低,HOLD,50%,可配置20-30%資金,基本面優異且技術面向好，具備中長期投資價值,成功
338,1583,程泰,$49.95,23.1,D,8,20,30,中,SELL,80%,不建議配置或減碼,綜合評估一般，需要更多催化劑,成功
339,1598,岱宇,$22.55,40.0,C+,35,27,50,中,SELL,65%,不建議配置或減碼,綜合評估一般，需要更多催化劑,成功
340,1597,直得,$78.80,32.5,C,5,37,50,低,SELL,80%,不建議配置或減碼,綜合評估一般，需要更多催化劑,成功
341,1603,華電,$38.90,50.8,B,43,60,30,低,HOLD,38%,小額試單5-10%,綜合評估一般，需要更多催化劑,成功
342,1604,聲寶,$24.80,47.3,C+,20,58,50,低,SELL,75%,不建議配置或減碼,綜合評估一般，需要更多催化劑,成功
343,1605,華新,$25.25,33.5,C,45,15,15,中,HOLD,45%,不建議配置或減碼,綜合評估一般，需要更多催化劑,成功
344,1608,華榮,$31.25,56.0,B,50,55,50,低,HOLD,50%,小額試單5-10%,綜合評估一般，需要更多催化劑,成功
345,1609,大亞,$39.10,51.1,B,18,56,100,低,SELL,77%,小額試單5-10%,綜合評估一般，需要更多催化劑,成功
346,1611,中電,$12.85,25.5,D,5,30,30,中,SELL,75%,不建議配置或減碼,綜合評估一般，需要更多催化劑,成功
347,1612,宏泰,$37.60,52.8,B,35,63,50,低,SELL,65%,小額試單5-10%,綜合評估一般，需要更多催化劑,成功
348,1614,三洋電,$37.00,35.7,C,20,27,50,低,SELL,75%,不建議配置或減碼,綜合評估一般，需要更多催化劑,成功
349,1615,大山,$47.85,53.2,B,23,87,30,低,SELL,72%,小額試單5-10%,綜合評估一般，需要更多催化劑,成功
350,1616,億泰,$35.25,51.0,B,10,72,75,低,SELL,80%,小額試單5-10%,綜合評估一般，需要更多催化劑,成功
351,1626,艾美特-KY,$11.90,31.7,C,25,22,50,中,SELL,70%,不建議配置或減碼,綜合評估一般，需要更多催化劑,成功
352,1617,榮星,$15.30,37.7,C,25,37,50,中,SELL,75%,不建議配置或減碼,綜合評估一般，需要更多催化劑,成功
353,1618,合機,$44.70,41.3,C+,13,63,30,低,SELL,80%,不建議配置或減碼,綜合評估一般，需要更多催化劑,成功
354,1702,南僑,$39.60,39.5,C,15,43,50,低,SELL,80%,不建議配置或減碼,綜合評估一般，需要更多催化劑,成功
355,1707,葡萄王,$129.00,58.5,B,30,82,50,低,SELL,60%,小額試單5-10%,綜合評估一般，需要更多催化劑,成功
356,1708,東鹼,$30.20,47.0,C+,13,75,30,低,SELL,90%,不建議配置或減碼,綜合評估一般，需要更多催化劑,成功
357,1709,和益,$16.40,41.7,C+,10,52,50,低,SELL,75%,不建議配置或減碼,綜合評估一般，需要更多催化劑,成功
358,1710,東聯,$12.15,35.3,C,23,30,50,中,SELL,72%,不建議配置或減碼,綜合評估一般，需要更多催化劑,成功
359,1712,興農,$43.70,49.3,C+,40,48,35,低,SELL,50%,不建議配置或減碼,綜合評估一般，需要更多催化劑,成功
360,1714,和桐,$7.85,52.2,B,50,40,50,低,HOLD,40%,小額試單5-10%,綜合評估一般，需要更多催化劑,成功
361,1713,國化,$48.70,74.0,A,43,72,75,低,HOLD,38%,可配置20-30%資金,綜合評估一般，需要更多催化劑,成功
362,1711,永光,$20.20,50.5,B,50,37,50,低,HOLD,45%,小額試單5-10%,基本面穩健，短期動能強勁，適合波段操作,成功
363,1717,長興,$41.65,51.0,B,30,37,100,低,SELL,70%,小額試單5-10%,綜合評估一般，需要更多催化劑,成功
364,1720,生達,$55.60,57.8,B,35,75,50,低,SELL,55%,小額試單5-10%,綜合評估一般，需要更多催化劑,成功
365,1722,台肥,$49.00,30.4,C,5,27,50,低,SELL,80%,不建議配置或減碼,綜合評估一般，需要更多催化劑,成功
366,1718,中纖,$6.53,50.5,B,35,57,50,中,SELL,60%,小額試單5-10%,綜合評估一般，需要更多催化劑,成功
367,1723,中碳,$81.50,36.5,C,5,53,30,低,SELL,80%,不建議配置或減碼,綜合評估一般，需要更多催化劑,成功
368,1721,三晃,$13.10,45.2,C+,50,27,50,中,HOLD,40%,不建議配置或減碼,綜合評估一般，需要更多催化劑,成功
369,1725,元禎,$27.20,38.5,C,10,43,50,低,SELL,85%,不建議配置或減碼,綜合評估一般，需要更多催化劑,成功
370,1726,永記,$75.30,55.2,B,20,70,75,低,SELL,75%,小額試單5-10%,綜合評估一般，需要更多催化劑,成功
371,1730,花仙子,$52.20,46.2,C+,5,72,50,低,SELL,85%,不建議配置或減碼,綜合評估一般，需要更多催化劑,成功
372,1732,毛寶,$29.85,55.2,B,50,42,75,低,HOLD,45%,小額試單5-10%,綜合評估一般，需要更多催化劑,成功
373,1731,美吾華,$21.80,59.5,B,35,78,50,低,SELL,55%,小額試單5-10%,綜合評估一般，需要更多催化劑,成功
374,1727,中華化,$40.30,59.2,B,77,35,50,低,BUY,95%,小額試單5-10%,基本面穩健，短期動能強勁，適合波段操作,成功
375,1735,日勝化,$15.00,42.0,C+,20,47,50,低,SELL,70%,不建議配置或減碼,綜合評估一般，需要更多催化劑,成功
376,1734,杏輝,$30.60,56.0,B,40,63,50,低,SELL,60%,小額試單5-10%,綜合評估一般，需要更多催化劑,成功
377,1760,寶齡富錦,$68.80,37.7,C,5,52,50,低,SELL,80%,不建議配置或減碼,綜合評估一般，需要更多催化劑,成功
378,1736,喬山,$179.00,76.2,A,45,80,50,低,HOLD,45%,可配置20-30%資金,綜合評估一般，需要更多催化劑,成功
379,1737,臺鹽,$32.20,50.0,B,40,50,50,低,SELL,55%,小額試單5-10%,綜合評估一般，需要更多催化劑,成功
380,1733,五鼎,$35.90,73.0,A,50,68,50,低,HOLD,45%,可配置20-30%資金,基本面穩健，短期動能強勁，適合波段操作,成功
381,1752,南光,$36.95,56.6,B,43,68,50,低,HOLD,38%,小額試單5-10%,綜合評估一般，需要更多催化劑,成功
382,1776,展宇,$15.50,47.7,C+,40,37,50,低,SELL,65%,不建議配置或減碼,綜合評估一般，需要更多催化劑,成功
383,1762,中化生,$25.65,24.7,D,5,22,50,中,SELL,80%,不建議配置或減碼,綜合評估一般，需要更多催化劑,成功
384,1773,勝一,$141.00,78.8,A,50,85,50,低,HOLD,50%,可配置20-30%資金,綜合評估一般，需要更多催化劑,成功
385,1783,和康生,$47.05,75.2,A,50,75,50,低,HOLD,50%,可配置20-30%資金,綜合評估一般，需要更多催化劑,成功
386,1786,科妍,$105.00,59.0,B,30,70,75,低,SELL,65%,小額試單5-10%,綜合評估一般，需要更多催化劑,成功
387,1789,神隆,$20.15,71.4,A,77,47,30,低,BUY,95%,可配置20-30%資金,基本面穩健，短期動能強勁，適合波段操作,成功
388,1795,美時,$266.00,74.7,A,30,82,75,低,SELL,75%,可配置20-30%資金,綜合評估一般，需要更多催化劑,成功
389,1802,台玻,$27.80,39.0,C,40,17,50,中,SELL,55%,不建議配置或減碼,基本面穩健，短期動能強勁，適合波段操作,成功
390,1806,冠軍,$9.30,38.5,C,13,42,50,低,SELL,80%,不建議配置或減碼,綜合評估一般，需要更多催化劑,成功
391,1808,潤隆,$28.95,31.5,C,25,30,15,中,SELL,80%,不建議配置或減碼,綜合評估一般，需要更多催化劑,成功
392,1805,寶徠,$10.85,46.3,C+,8,85,30,低,SELL,85%,不建議配置或減碼,綜合評估一般，需要更多催化劑,成功
393,1809,中釉,$18.75,41.2,C+,43,37,30,中,HOLD,38%,不建議配置或減碼,綜合評估一般，需要更多催化劑,成功
394,1817,凱撒衛,$38.90,54.0,B,23,85,30,低,SELL,72%,小額試單5-10%,綜合評估一般，需要更多催化劑,成功
395,1810,和成,$19.10,28.6,D,18,20,50,中,SELL,77%,不建議配置或減碼,綜合評估一般，需要更多催化劑,成功
396,1903,士紙,$51.60,22.5,D,5,20,30,中,SELL,90%,不建議配置或減碼,綜合評估一般，需要更多催化劑,成功
397,1905,華紙,$11.65,23.6,D,18,10,30,中,SELL,77%,不建議配置或減碼,綜合評估一般，需要更多催化劑,成功
398,1904,正隆,$17.35,34.0,C,18,37,30,低,SELL,87%,不建議配置或減碼,綜合評估一般，需要更多催化劑,成功
399,1906,寶隆,$13.40,40.2,C+,50,17,50,中,HOLD,40%,不建議配置或減碼,綜合評估一般，需要更多催化劑,成功
400,1907,永豐餘,$25.55,50.8,B,50,25,75,低,HOLD,40%,小額試單5-10%,綜合評估一般，需要更多催化劑,成功
401,1909,榮成,$9.95,28.4,D,15,27,30,中,SELL,80%,不建議配置或減碼,綜合評估一般，需要更多催化劑,成功
402,2002,中鋼,$19.00,18.0,D,8,17,0,中,SELL,80%,不建議配置或減碼,綜合評估一般，需要更多催化劑,成功
403,2007,燁興,$7.87,38.2,C,40,30,30,中,SELL,50%,不建議配置或減碼,綜合評估一般，需要更多催化劑,成功
404,2008,高興昌,$26.90,45.3,C+,43,25,75,中,HOLD,38%,不建議配置或減碼,綜合評估一般，需要更多催化劑,成功
405,2006,東和鋼鐵,$60.20,35.0,C,10,50,10,低,SELL,80%,不建議配置或減碼,綜合評估一般，需要更多催化劑,成功
406,2002A,中鋼特,$39.70,41.7,C+,50,17,50,中,HOLD,40%,不建議配置或減碼,綜合評估一般，需要更多催化劑,成功
407,2009,第一銅,$40.20,49.0,C+,40,42,50,低,SELL,55%,不建議配置或減碼,基本面穩健，短期動能強勁，適合波段操作,成功
408,2010,春源,$20.45,57.3,B,50,63,30,低,HOLD,45%,小額試單5-10%,綜合評估一般，需要更多催化劑,成功
409,2012,春雨,$16.80,27.0,D,3,32,30,低,SELL,80%,不建議配置或減碼,綜合評估一般，需要更多催化劑,成功
410,2013,中鋼構,$41.80,34.3,C,8,48,30,低,SELL,80%,不建議配置或減碼,綜合評估一般，需要更多催化劑,成功
411,2015,豐興,$65.00,44.0,C+,15,43,75,低,SELL,80%,不建議配置或減碼,綜合評估一般，需要更多催化劑,成功
412,2014,中鴻,$15.50,24.5,D,18,17,30,中,SELL,77%,不建議配置或減碼,綜合評估一般，需要更多催化劑,成功
413,2017,官田鋼,$9.29,21.8,D,3,20,30,中,SELL,80%,不建議配置或減碼,綜合評估一般，需要更多催化劑,成功
414,2020,美亞,$24.10,42.3,C+,18,48,50,低,SELL,87%,不建議配置或減碼,綜合評估一般，需要更多催化劑,成功
415,2022,聚亨,$7.71,23.2,D,10,17,30,中,SELL,75%,不建議配置或減碼,綜合評估一般，需要更多催化劑,成功
416,2024,志聯,$19.30,74.0,A,70,42,75,低,BUY,90%,可配置20-30%資金,基本面穩健，短期動能強勁，適合波段操作,成功
417,2025,千興,$11.05,29.0,D,5,30,50,中,SELL,80%,不建議配置或減碼,綜合評估一般，需要更多催化劑,成功
418,2027,大成鋼,$37.20,31.8,C,13,40,10,低,SELL,80%,不建議配置或減碼,綜合評估一般，需要更多催化劑,成功
419,2023,燁輝,$15.10,33.5,C,23,27,50,中,SELL,72%,不建議配置或減碼,綜合評估一般，需要更多催化劑,成功
420,2028,威致,$16.50,25.6,D,3,15,50,低,SELL,80%,不建議配置或減碼,綜合評估一般，需要更多催化劑,成功
421,2029,盛餘,$22.10,37.2,C,10,50,30,低,SELL,80%,不建議配置或減碼,綜合評估一般，需要更多催化劑,成功
422,2030,彰源,$14.00,35.8,C,15,30,50,低,SELL,80%,不建議配置或減碼,綜合評估一般，需要更多催化劑,成功
423,2031,新光鋼,$40.95,26.6,D,18,10,50,中,SELL,77%,不建議配置或減碼,綜合評估一般，需要更多催化劑,成功
424,2032,新鋼,$14.70,30.0,C,10,25,50,低,SELL,85%,不建議配置或減碼,綜合評估一般，需要更多催化劑,成功
425,2038,海光,$14.95,32.2,C,18,32,30,低,SELL,77%,不建議配置或減碼,綜合評估一般，需要更多催化劑,成功
426,2034,允強,$19.15,20.1,D,8,10,30,中,SELL,80%,不建議配置或減碼,綜合評估一般，需要更多催化劑,成功
427,2069,運錩,$14.80,33.8,C,13,37,30,低,SELL,80%,不建議配置或減碼,綜合評估一般，需要更多催化劑,成功
428,2059,川湖,$3415.00,70.5,A,30,77,70,低,SELL,65%,可配置20-30%資金,綜合評估一般，需要更多催化劑,成功
429,2049,上銀,$217.00,43.3,C+,48,25,50,中,HOLD,43%,不建議配置或減碼,綜合評估一般，需要更多催化劑,成功
430,2033,佳大,$18.20,34.0,C,35,22,30,低,SELL,65%,不建議配置或減碼,綜合評估一般，需要更多催化劑,成功
431,2062,橋椿,$21.40,32.5,C,8,45,15,低,SELL,80%,不建議配置或減碼,綜合評估一般，需要更多催化劑,成功
432,2103,台橡,$15.70,32.5,C,3,50,15,低,SELL,85%,不建議配置或減碼,綜合評估一般，需要更多催化劑,成功
433,2101,南港,$38.60,55.5,B,28,85,30,低,SELL,72%,小額試單5-10%,綜合評估一般，需要更多催化劑,成功
434,2104,國際中橡,$10.75,29.0,D,15,20,50,中,SELL,75%,不建議配置或減碼,綜合評估一般，需要更多催化劑,成功
435,2102,泰豐,$19.95,28.2,D,25,10,30,中,SELL,75%,不建議配置或減碼,基本面穩健，短期動能強勁，適合波段操作,成功
436,2105,正新,$36.50,37.0,C,13,55,10,低,SELL,80%,不建議配置或減碼,綜合評估一般，需要更多催化劑,成功
437,2106,建大,$20.50,31.4,C,10,27,50,低,SELL,80%,不建議配置或減碼,綜合評估一般，需要更多催化劑,成功
438,2108,南帝,$23.15,39.0,C,5,60,30,低,SELL,80%,不建議配置或減碼,綜合評估一般，需要更多催化劑,成功
439,2107,厚生,$23.95,45.7,C+,15,67,30,低,SELL,75%,不建議配置或減碼,綜合評估一般，需要更多催化劑,成功
440,2109,華豐,$15.50,50.3,B,8,70,75,低,SELL,85%,小額試單5-10%,綜合評估一般，需要更多催化劑,成功
441,2114,鑫永銓,$90.40,42.8,C+,18,58,30,低,SELL,77%,不建議配置或減碼,綜合評估一般，需要更多催化劑,成功
442,2201,裕隆,$33.65,54.8,B,48,60,35,低,HOLD,48%,小額試單5-10%,綜合評估一般，需要更多催化劑,成功
443,2115,六暉-KY,$26.80,51.2,B,15,72,50,低,SELL,80%,小額試單5-10%,綜合評估一般，需要更多催化劑,成功
444,2206,三陽工業,$61.80,48.8,C+,28,65,25,低,SELL,67%,不建議配置或減碼,綜合評估一般，需要更多催化劑,成功
445,2207,和泰車,$576.00,49.5,C+,43,65,0,低,HOLD,38%,不建議配置或減碼,綜合評估一般，需要更多催化劑,成功
446,2204,中華,$61.30,46.3,C+,48,40,25,低,HOLD,43%,不建議配置或減碼,綜合評估一般，需要更多催化劑,成功
447,2211,長榮鋼,$96.90,70.8,A,35,73,70,低,SELL,65%,可配置20-30%資金,綜合評估一般，需要更多催化劑,成功
448,2208,台船,$22.95,34.8,C,33,10,80,中,SELL,67%,不建議配置或減碼,綜合評估一般，需要更多催化劑,成功
449,2227,裕日車,$55.10,30.0,C,20,15,50,低,SELL,75%,不建議配置或減碼,綜合評估一般，需要更多催化劑,成功
450,2228,劍麟,$105.00,56.8,B,48,70,30,低,HOLD,43%,小額試單5-10%,綜合評估一般，需要更多催化劑,成功
451,2231,為升,$126.00,49.7,C+,40,47,50,低,SELL,60%,不建議配置或減碼,綜合評估一般，需要更多催化劑,成功
452,2233,宇隆,$198.50,48.6,C+,23,68,50,低,SELL,77%,不建議配置或減碼,綜合評估一般，需要更多催化劑,成功
453,2241,艾姆勒,$31.30,38.2,C,35,17,50,中,SELL,65%,不建議配置或減碼,基本面穩健，短期動能強勁，適合波段操作,成功
454,2236,百達-KY,$109.50,51.5,B,40,50,50,低,SELL,65%,小額試單5-10%,綜合評估一般，需要更多催化劑,成功
455,2239,英利-KY,$33.25,35.2,C,38,17,50,中,SELL,57%,不建議配置或減碼,綜合評估一般，需要更多催化劑,成功
456,2243,宏旭-KY,$11.85,48.5,C+,38,42,75,低,SELL,62%,不建議配置或減碼,綜合評估一般，需要更多催化劑,成功
457,2247,汎德永業,$297.00,44.0,C+,15,58,50,低,SELL,75%,不建議配置或減碼,綜合評估一般，需要更多催化劑,成功
458,2248,華勝-KY,$42.95,52.2,B,10,82,50,低,SELL,80%,小額試單5-10%,綜合評估一般，需要更多催化劑,成功
459,2250,IKKA-KY,$88.10,41.3,C+,18,58,30,低,SELL,77%,不建議配置或減碼,綜合評估一般，需要更多催化劑,成功
460,2254,巨鎧精密-創,$60.10,33.2,C,5,42,50,中,SELL,75%,不建議配置或減碼,綜合評估一般，需要更多催化劑,成功
461,2258,鴻華先進-創,$39.35,35.0,C,15,35,50,中,SELL,90%,不建議配置或減碼,綜合評估一般，需要更多催化劑,成功
462,2301,光寶科,$172.00,45.0,C+,30,47,30,低,SELL,80%,不建議配置或減碼,基本面穩健，短期動能強勁，適合波段操作,成功
463,2302,麗正,$17.05,55.5,B,43,52,75,低,HOLD,43%,小額試單5-10%,綜合評估一般，需要更多催化劑,成功
464,2303,聯電,$43.85,72.0,A,43,75,50,低,HOLD,43%,可配置20-30%資金,綜合評估一般，需要更多催化劑,成功
465,2305,全友,$11.20,36.8,C,23,47,30,中,SELL,72%,不建議配置或減碼,綜合評估一般，需要更多催化劑,成功
466,2308,台達電,$942.00,70.7,A,25,67,100,低,SELL,75%,可配置20-30%資金,基本面穩健，短期動能強勁，適合波段操作,成功
467,2312,金寶,$19.45,55.5,B,53,40,75,低,HOLD,53%,小額試單5-10%,綜合評估一般，需要更多催化劑,成功
468,2313,華通,$75.90,72.1,A,58,58,50,低,HOLD,53%,可配置20-30%資金,基本面穩健，短期動能強勁，適合波段操作,成功
469,2314,台揚,$9.99,41.2,C+,43,17,75,中,HOLD,43%,不建議配置或減碼,綜合評估一般，需要更多催化劑,成功
470,2316,楠梓電,$97.50,43.1,C+,43,38,25,低,HOLD,38%,不建議配置或減碼,綜合評估一般，需要更多催化劑,成功
471,2317,鴻海,$226.50,58.0,B,35,58,75,低,SELL,70%,小額試單5-10%,基本面穩健，短期動能強勁，適合波段操作,成功
472,2321,東訊,$18.10,42.0,C+,50,20,50,中,HOLD,50%,不建議配置或減碼,基本面穩健，短期動能強勁，適合波段操作,成功
473,2323,中環,$9.00,42.8,C+,45,25,50,中,HOLD,35%,不建議配置或減碼,綜合評估一般，需要更多催化劑,成功
474,2324,仁寶,$32.05,41.5,C+,48,30,15,低,HOLD,48%,不建議配置或減碼,基本面穩健，短期動能強勁，適合波段操作,成功
475,2331,精英,$20.40,40.5,C+,48,15,50,低,HOLD,48%,不建議配置或減碼,綜合評估一般，需要更多催化劑,成功
476,2332,友訊,$17.70,43.7,C+,40,22,75,中,SELL,55%,不建議配置或減碼,綜合評估一般，需要更多催化劑,成功
477,2337,旺宏,$25.30,39.5,C,43,15,50,中,HOLD,43%,不建議配置或減碼,基本面穩健，短期動能強勁，適合波段操作,成功
478,2328,廣宇,$54.60,46.2,C+,48,27,50,低,HOLD,43%,不建議配置或減碼,綜合評估一般，需要更多催化劑,成功
479,2329,華泰,$47.35,47.5,C+,50,33,30,低,HOLD,45%,不建議配置或減碼,基本面穩健，短期動能強勁，適合波段操作,成功
480,2327,國巨*,$175.50,73.3,A,30,78,70,低,SELL,80%,可配置20-30%資金,綜合評估一般，需要更多催化劑,成功
481,2330,台積電,$1400.00,80.7,A+,50,77,75,低,HOLD,50%,可配置20-30%資金,綜合評估一般，需要更多催化劑,成功
482,2340,台亞,$26.15,39.0,C,43,20,50,中,HOLD,43%,不建議配置或減碼,基本面穩健，短期動能強勁，適合波段操作,成功
483,2342,茂矽,$31.95,47.0,C+,30,40,75,中,SELL,70%,不建議配置或減碼,基本面穩健，短期動能強勁，適合波段操作,成功
484,2338,光罩,$39.05,40.5,C+,43,25,50,中,HOLD,38%,不建議配置或減碼,綜合評估一般，需要更多催化劑,成功
485,2344,華邦電,$38.80,56.2,B,50,32,100,中,HOLD,50%,小額試單5-10%,基本面穩健，短期動能強勁，適合波段操作,成功
486,2348,海悅,$85.30,51.3,B,23,78,30,低,SELL,77%,小額試單5-10%,綜合評估一般，需要更多催化劑,成功
487,2345,智邦,$1105.00,76.2,A,45,72,75,低,HOLD,45%,可配置20-30%資金,綜合評估一般，需要更多催化劑,成功
488,2347,聯強,$61.10,37.8,C,15,55,10,低,SELL,80%,不建議配置或減碼,綜合評估一般，需要更多催化劑,成功
489,2349,錸德,$10.10,22.6,D,13,15,30,中,SELL,80%,不建議配置或減碼,綜合評估一般，需要更多催化劑,成功
490,2348A,海悅甲特,$36.30,74.0,A,50,78,50,低,HOLD,40%,可配置20-30%資金,綜合評估一般，需要更多催化劑,成功
491,2353,宏碁,$30.15,33.5,C,18,40,10,低,SELL,77%,不建議配置或減碼,綜合評估一般，需要更多催化劑,成功
492,2351,順德,$80.80,48.0,C+,50,32,50,低,HOLD,45%,不建議配置或減碼,綜合評估一般，需要更多催化劑,成功
493,2355,敬鵬,$33.90,43.3,C+,23,35,75,低,SELL,77%,不建議配置或減碼,綜合評估一般，需要更多催化劑,成功
494,2356,英業達,$45.75,50.6,B,45,51,25,低,HOLD,45%,小額試單5-10%,綜合評估一般，需要更多催化劑,成功
495,2354,鴻準,$70.60,39.2,C,45,25,10,低,HOLD,35%,不建議配置或減碼,綜合評估一般，需要更多催化劑,成功
496,2357,華碩,$685.00,59.2,B,35,75,50,低,SELL,55%,小額試單5-10%,綜合評估一般，需要更多催化劑,成功
497,2359,所羅門,$139.50,29.5,D,23,22,30,中,SELL,72%,不建議配置或減碼,綜合評估一般，需要更多催化劑,成功
498,2360,致茂,$639.00,77.0,A,50,77,50,低,HOLD,45%,可配置20-30%資金,綜合評估一般，需要更多催化劑,成功
499,2364,倫飛,$73.50,52.3,B,23,80,30,低,SELL,77%,小額試單5-10%,綜合評估一般，需要更多催化劑,成功
500,2365,昆盈,$40.90,41.5,C+,18,57,50,中,SELL,77%,不建議配置或減碼,綜合評估一般，需要更多催化劑,成功
501,2363,矽統,$55.90,49.6,C+,38,53,50,低,SELL,57%,不建議配置或減碼,綜合評估一般，需要更多催化劑,成功
502,2368,金像電,$441.50,49.2,C+,35,72,0,低,SELL,65%,不建議配置或減碼,綜合評估一般，需要更多催化劑,成功
503,2367,燿華,$26.20,48.3,C+,8,75,50,低,SELL,80%,不建議配置或減碼,綜合評估一般，需要更多催化劑,成功
504,2369,菱生,$20.30,42.2,C+,55,17,30,中,HOLD,55%,不建議配置或減碼,基本面穩健，短期動能強勁，適合波段操作,成功
505,2371,大同,$37.90,43.2,C+,23,67,0,低,SELL,72%,不建議配置或減碼,綜合評估一般，需要更多催化劑,成功
506,2374,佳能,$85.70,42.3,C+,33,45,30,中,SELL,67%,不建議配置或減碼,基本面穩健，短期動能強勁，適合波段操作,成功
507,2373,震旦行,$57.80,54.5,B,45,60,30,低,HOLD,35%,小額試單5-10%,綜合評估一般，需要更多催化劑,成功
508,2375,凱美,$81.10,55.0,B,45,50,50,低,HOLD,45%,小額試單5-10%,基本面穩健，短期動能強勁，適合波段操作,成功
509,2376,技嘉,$311.50,87.6,A+,71,65,100,低,BUY,95%,可配置20-30%資金,基本面穩健，短期動能強勁，適合波段操作,成功
510,2377,微星,$114.00,40.1,C+,23,48,30,低,SELL,77%,不建議配置或減碼,綜合評估一般，需要更多催化劑,成功
511,2380,虹光,$5.10,39.2,C,28,37,50,中,SELL,72%,不建議配置或減碼,綜合評估一般，需要更多催化劑,成功
512,2379,瑞昱,$532.00,57.3,B,43,85,0,低,HOLD,38%,小額試單5-10%,綜合評估一般，需要更多催化劑,成功
513,2382,廣達,$300.00,86.0,A+,77,65,75,低,BUY,87%,可配置20-30%資金,基本面穩健，短期動能強勁，適合波段操作,成功
514,2383,台光電,$1305.00,55.8,B,30,65,50,低,SELL,80%,小額試單5-10%,基本面穩健，短期動能強勁，適合波段操作,成功
515,2387,精元,$40.60,43.5,C+,13,65,30,低,SELL,80%,不建議配置或減碼,綜合評估一般，需要更多催化劑,成功
516,2385,群光,$136.00,59.5,B,38,77,50,低,SELL,57%,小額試單5-10%,綜合評估一般，需要更多催化劑,成功
517,2362,藍天,$41.05,35.2,C,8,42,50,低,SELL,80%,不建議配置或減碼,綜合評估一般，需要更多催化劑,成功
518,2388,威盛,$54.40,32.3,C,13,40,30,低,SELL,80%,不建議配置或減碼,綜合評估一般，需要更多催化劑,成功
519,2390,云辰,$10.15,27.2,D,5,25,50,中,SELL,80%,不建議配置或減碼,綜合評估一般，需要更多催化劑,成功
520,2393,億光,$63.70,49.5,C+,10,85,25,低,SELL,75%,不建議配置或減碼,綜合評估一般，需要更多催化劑,成功
521,2392,正崴,$45.60,31.1,C,13,25,50,低,SELL,80%,不建議配置或減碼,綜合評估一般，需要更多催化劑,成功
522,2397,友通,$70.50,43.0,C+,10,58,50,低,SELL,85%,不建議配置或減碼,綜合評估一般，需要更多催化劑,成功
523,2395,研華,$319.00,37.5,C,10,57,15,低,SELL,80%,不建議配置或減碼,綜合評估一般，需要更多催化劑,成功
524,2399,映泰,$19.20,36.5,C,35,17,50,中,SELL,60%,不建議配置或減碼,綜合評估一般，需要更多催化劑,成功
525,2406,國碩,$19.90,45.2,C+,38,37,75,中,SELL,62%,不建議配置或減碼,綜合評估一般，需要更多催化劑,成功
526,2408,南亞科,$83.00,37.8,C,25,30,50,中,SELL,85%,不建議配置或減碼,基本面穩健，短期動能強勁，適合波段操作,成功
527,2409,友達,$13.80,51.3,B,48,43,35,低,HOLD,48%,小額試單5-10%,基本面穩健，短期動能強勁，適合波段操作,成功
528,2402,毅嘉,$51.90,38.3,C,15,61,0,低,SELL,85%,不建議配置或減碼,綜合評估一般，需要更多催化劑,成功
529,2405,輔信,$18.75,34.2,C,30,20,50,中,SELL,65%,不建議配置或減碼,綜合評估一般，需要更多催化劑,成功
530,2404,漢唐,$886.00,47.3,C+,23,60,50,低,SELL,77%,不建議配置或減碼,綜合評估一般，需要更多催化劑,成功
531,2401,凌陽,$23.05,46.5,C+,43,40,50,中,HOLD,38%,不建議配置或減碼,綜合評估一般，需要更多催化劑,成功
532,2412,中華電,$133.00,39.5,C,15,60,10,低,SELL,80%,不建議配置或減碼,綜合評估一般，需要更多催化劑,成功
533,2415,錩新,$25.60,50.8,B,40,48,50,低,SELL,55%,小額試單5-10%,綜合評估一般，需要更多催化劑,成功
534,2414,精技,$43.20,47.5,C+,35,48,50,低,SELL,60%,不建議配置或減碼,綜合評估一般，需要更多催化劑,成功
535,2419,仲琦,$23.80,43.5,C+,50,22,50,中,HOLD,45%,不建議配置或減碼,綜合評估一般，需要更多催化劑,成功
536,2413,環科,$20.30,38.8,C,48,17,50,中,HOLD,43%,不建議配置或減碼,綜合評估一般，需要更多催化劑,成功
537,2417,圓剛,$40.40,34.2,C,13,37,50,中,SELL,80%,不建議配置或減碼,綜合評估一般，需要更多催化劑,成功
538,2420,新巨,$51.80,50.2,B,15,82,35,低,SELL,75%,小額試單5-10%,綜合評估一般，需要更多催化劑,成功
539,2424,隴華,$50.20,29.0,D,3,37,50,中,SELL,85%,不建議配置或減碼,綜合評估一般，需要更多催化劑,成功
540,2421,建準,$128.50,74.8,A,35,80,75,低,SELL,60%,可配置20-30%資金,綜合評估一般，需要更多催化劑,成功
541,2423,固緯,$55.30,58.5,B,50,58,50,低,HOLD,45%,小額試單5-10%,綜合評估一般，需要更多催化劑,成功
542,2425,承啟,$30.20,23.1,D,8,10,50,中,SELL,85%,不建議配置或減碼,綜合評估一般，需要更多催化劑,成功
543,2426,鼎元,$17.75,39.5,C,43,20,50,中,HOLD,38%,不建議配置或減碼,綜合評估一般，需要更多催化劑,成功
544,2427,三商電,$26.30,47.6,C+,13,68,50,低,SELL,80%,不建議配置或減碼,綜合評估一般，需要更多催化劑,成功
545,2428,興勤,$170.50,56.0,B,30,68,50,低,SELL,80%,小額試單5-10%,基本面穩健，短期動能強勁，適合波段操作,成功
546,2429,銘旺科,$127.00,30.5,C,25,10,50,中,SELL,70%,不建議配置或減碼,綜合評估一般，需要更多催化劑,成功
547,2430,燦坤,$24.30,31.6,C,13,35,30,低,SELL,80%,不建議配置或減碼,綜合評估一般，需要更多催化劑,成功
548,2431,聯昌,$14.00,33.5,C,35,10,50,中,SELL,65%,不建議配置或減碼,基本面穩健，短期動能強勁，適合波段操作,成功
549,2432,倚天酷碁-創,$27.50,41.3,C+,5,58,50,低,SELL,80%,不建議配置或減碼,綜合評估一般，需要更多催化劑,成功
550,2433,互盛電,$48.90,43.0,C+,10,58,50,低,SELL,80%,不建議配置或減碼,綜合評估一般，需要更多催化劑,成功
551,2436,偉詮電,$53.60,41.5,C+,35,35,50,中,SELL,65%,不建議配置或減碼,綜合評估一般，需要更多催化劑,成功
552,2434,統懋,$29.40,37.5,C,45,10,50,中,HOLD,35%,不建議配置或減碼,綜合評估一般，需要更多催化劑,成功
553,2438,翔耀,$26.00,35.8,C,15,35,50,中,SELL,80%,不建議配置或減碼,綜合評估一般，需要更多催化劑,成功
554,2439,美律,$100.00,35.6,C,8,58,15,低,SELL,80%,不建議配置或減碼,綜合評估一般，需要更多催化劑,成功
555,2440,太空梭,$12.45,34.0,C,10,37,50,中,SELL,80%,不建議配置或減碼,綜合評估一般，需要更多催化劑,成功
556,2441,超豐,$63.20,77.3,A,43,73,100,低,HOLD,38%,可配置20-30%資金,綜合評估一般，需要更多催化劑,成功
557,2442,新美齊,$25.00,33.2,C,5,35,50,低,SELL,80%,不建議配置或減碼,綜合評估一般，需要更多催化劑,成功
558,2444,兆勁,$11.70,36.7,C,40,17,50,中,SELL,60%,不建議配置或減碼,綜合評估一般，需要更多催化劑,成功
559,2449,京元電子,$169.00,55.0,B,30,70,50,低,SELL,80%,小額試單5-10%,綜合評估一般，需要更多催化劑,成功
560,2450,神腦,$28.70,32.2,C,10,40,30,低,SELL,85%,不建議配置或減碼,綜合評估一般，需要更多催化劑,成功
561,2451,創見,$113.50,43.8,C+,35,50,0,低,SELL,60%,不建議配置或減碼,基本面穩健，短期動能強勁，適合波段操作,成功
562,2453,凌群,$60.50,52.0,B,38,60,50,低,SELL,57%,小額試單5-10%,綜合評估一般，需要更多催化劑,成功
563,2454,聯發科,$1320.00,50.3,B,23,85,0,低,SELL,77%,小額試單5-10%,綜合評估一般，需要更多催化劑,成功
564,2455,全新,$163.00,77.7,A,55,77,60,低,HOLD,50%,可配置20-30%資金,基本面優異且技術面向好，具備中長期投資價值,成功
565,2457,飛宏,$23.55,35.5,C,43,15,50,中,HOLD,38%,不建議配置或減碼,綜合評估一般，需要更多催化劑,成功
566,2458,義隆,$136.00,76.4,A,71,68,25,低,BUY,91%,可配置20-30%資金,基本面穩健，短期動能強勁，適合波段操作,成功
567,2459,敦吉,$63.50,53.2,B,35,60,50,低,SELL,60%,小額試單5-10%,綜合評估一般，需要更多催化劑,成功
568,2460,建通,$18.00,34.2,C,20,30,50,中,SELL,75%,不建議配置或減碼,綜合評估一般，需要更多催化劑,成功
569,2461,光群雷,$15.95,23.6,D,13,15,30,中,SELL,80%,不建議配置或減碼,綜合評估一般，需要更多催化劑,成功
570,2464,盟立,$66.20,35.2,C,38,22,50,中,SELL,62%,不建議配置或減碼,綜合評估一般，需要更多催化劑,成功
571,2462,良得電,$24.75,39.8,C,48,20,50,中,HOLD,48%,不建議配置或減碼,綜合評估一般，需要更多催化劑,成功
572,2465,麗臺,$57.00,28.2,D,10,27,30,中,SELL,85%,不建議配置或減碼,綜合評估一般，需要更多催化劑,成功
573,2466,冠西電,$60.90,25.5,D,3,27,50,中,SELL,85%,不建議配置或減碼,綜合評估一般，需要更多催化劑,成功
574,2467,志聖,$191.50,58.5,B,38,70,75,中,SELL,57%,小額試單5-10%,綜合評估一般，需要更多催化劑,成功
575,2474,可成,$181.00,37.3,C,13,60,0,低,SELL,80%,不建議配置或減碼,綜合評估一般，需要更多催化劑,成功
576,2477,美隆電,$23.40,52.8,B,23,62,75,低,SELL,72%,小額試單5-10%,綜合評估一般，需要更多催化劑,成功
577,2468,華經,$52.00,26.8,D,8,22,50,中,SELL,80%,不建議配置或減碼,綜合評估一般，需要更多催化劑,成功
578,2471,資通,$50.10,52.0,B,10,75,75,低,SELL,80%,小額試單5-10%,綜合評估一般，需要更多催化劑,成功
579,2478,大毅,$50.80,49.8,C+,30,50,50,低,SELL,70%,不建議配置或減碼,基本面穩健，短期動能強勁，適合波段操作,成功
580,2472,立隆電,$87.20,74.0,A,43,85,50,低,HOLD,38%,可配置20-30%資金,綜合評估一般，需要更多催化劑,成功
581,2476,鉅祥,$104.00,48.0,C+,30,63,30,低,SELL,65%,不建議配置或減碼,綜合評估一般，需要更多催化劑,成功
582,2480,敦陽科,$173.00,70.5,A,50,70,35,低,HOLD,45%,可配置20-30%資金,綜合評估一般，需要更多催化劑,成功
583,2482,連宇,$18.80,34.2,C,28,27,50,中,SELL,72%,不建議配置或減碼,綜合評估一般，需要更多催化劑,成功
584,2483,百容,$20.75,41.0,C+,35,25,50,低,SELL,60%,不建議配置或減碼,綜合評估一般，需要更多催化劑,成功
585,2481,強茂,$72.60,40.7,C+,25,32,50,低,SELL,70%,不建議配置或減碼,綜合評估一般，需要更多催化劑,成功
586,2484,希華,$22.05,43.0,C+,43,27,50,低,HOLD,43%,不建議配置或減碼,綜合評估一般，需要更多催化劑,成功
587,2485,兆赫,$13.05,30.8,C,43,10,30,中,HOLD,38%,不建議配置或減碼,綜合評估一般，需要更多催化劑,成功
588,2486,一詮,$85.50,47.0,C+,60,20,50,中,HOLD,55%,不建議配置或減碼,基本面穩健，短期動能強勁，適合波段操作,成功
589,2493,揚博,$102.00,45.3,C+,13,75,25,低,SELL,85%,不建議配置或減碼,綜合評估一般，需要更多催化劑,成功
590,2488,漢平,$44.05,57.7,B,25,87,50,低,SELL,70%,小額試單5-10%,綜合評估一般，需要更多催化劑,成功
591,2492,華新科,$102.50,52.2,B,45,42,50,低,HOLD,45%,小額試單5-10%,基本面穩健，短期動能強勁，適合波段操作,成功
592,2495,普安,$21.70,51.0,B,43,50,50,低,HOLD,43%,小額試單5-10%,綜合評估一般，需要更多催化劑,成功
593,2491,吉祥全,$12.65,44.5,C+,40,37,50,中,SELL,55%,不建議配置或減碼,綜合評估一般，需要更多催化劑,成功
594,2497,怡利電,$49.15,58.5,B,40,68,50,低,SELL,55%,小額試單5-10%,綜合評估一般，需要更多催化劑,成功
595,2496,卓越,$66.70,47.5,C+,10,75,50,低,SELL,75%,不建議配置或減碼,綜合評估一般，需要更多催化劑,成功
596,2498,宏達電,$62.50,38.0,C,38,25,25,低,SELL,62%,不建議配置或減碼,綜合評估一般，需要更多催化劑,成功
597,2501,國建,$23.30,77.5,A,40,72,100,低,SELL,50%,可配置20-30%資金,綜合評估一般，需要更多催化劑,成功
598,2504,國產,$35.30,38.0,C,5,70,0,低,SELL,80%,不建議配置或減碼,綜合評估一般，需要更多催化劑,成功
599,2505,國揚,$18.80,40.3,C+,25,33,50,低,SELL,70%,不建議配置或減碼,綜合評估一般，需要更多催化劑,成功
600,2509,全坤建,$15.05,46.3,C+,48,50,30,中,HOLD,48%,不建議配置或減碼,綜合評估一般，需要更多催化劑,成功
601,2506,太設,$9.57,43.5,C+,23,55,30,低,SELL,72%,不建議配置或減碼,綜合評估一般，需要更多催化劑,成功
602,2511,太子,$9.13,29.8,D,10,20,50,低,SELL,80%,不建議配置或減碼,綜合評估一般，需要更多催化劑,成功
603,2514,龍邦,$14.75,38.2,C,5,62,30,低,SELL,80%,不建議配置或減碼,綜合評估一般，需要更多催化劑,成功
604,2516,新建,$14.80,54.0,B,30,65,50,低,SELL,60%,小額試單5-10%,綜合評估一般，需要更多催化劑,成功
605,2515,中工,$10.60,37.1,C,8,43,50,低,SELL,80%,不建議配置或減碼,綜合評估一般，需要更多催化劑,成功
606,2524,京城,$45.40,59.5,B,43,85,30,低,HOLD,38%,小額試單5-10%,綜合評估一般，需要更多催化劑,成功
607,2527,宏璟,$24.45,47.0,C+,8,80,30,低,SELL,80%,不建議配置或減碼,綜合評估一般，需要更多催化劑,成功
608,2520,冠德,$34.85,42.6,C+,13,78,0,低,SELL,85%,不建議配置或減碼,綜合評估一般，需要更多催化劑,成功
609,2528,皇普,$28.35,56.2,B,20,92,30,低,SELL,75%,小額試單5-10%,綜合評估一般，需要更多催化劑,成功
610,2530,華建,$29.95,75.8,A,43,92,50,低,HOLD,38%,可配置20-30%資金,綜合評估一般，需要更多催化劑,成功
611,2534,宏盛,$21.40,45.5,C+,10,65,50,低,SELL,80%,不建議配置或減碼,綜合評估一般，需要更多催化劑,成功
612,2537,聯上發,$10.75,44.8,C+,23,63,30,低,SELL,72%,不建議配置或減碼,綜合評估一般，需要更多催化劑,成功
613,2536,宏普,$27.25,37.8,C,8,45,50,低,SELL,80%,不建議配置或減碼,綜合評估一般，需要更多催化劑,成功
614,2538,基泰,$10.55,33.5,C,3,52,50,中,SELL,85%,不建議配置或減碼,綜合評估一般，需要更多催化劑,成功
615,2535,達欣工,$59.10,43.5,C+,18,60,30,低,SELL,77%,不建議配置或減碼,綜合評估一般，需要更多催化劑,成功
616,2539,櫻花建,$47.75,52.7,B,10,92,30,低,SELL,80%,小額試單5-10%,綜合評估一般，需要更多催化劑,成功
617,2540,愛山林,$53.40,46.3,C+,23,63,30,低,SELL,72%,不建議配置或減碼,綜合評估一般，需要更多催化劑,成功
618,2543,皇昌,$73.00,57.8,B,35,73,50,低,SELL,60%,小額試單5-10%,綜合評估一般，需要更多催化劑,成功
619,2545,皇翔,$43.50,74.5,A,40,85,50,低,SELL,50%,可配置20-30%資金,綜合評估一般，需要更多催化劑,成功
620,2542,興富發,$39.60,44.6,C+,43,51,0,低,HOLD,38%,不建議配置或減碼,綜合評估一般，需要更多催化劑,成功
621,2546,根基,$87.10,51.8,B,45,50,50,低,HOLD,35%,小額試單5-10%,綜合評估一般，需要更多催化劑,成功
622,2548,華固,$95.00,35.8,C,13,43,30,低,SELL,80%,不建議配置或減碼,綜合評估一般，需要更多催化劑,成功
623,2547,日勝生,$10.85,44.2,C+,8,72,30,低,SELL,80%,不建議配置或減碼,綜合評估一般，需要更多催化劑,成功
624,2597,潤弘,$151.00,49.0,C+,5,80,50,低,SELL,80%,不建議配置或減碼,綜合評估一般，需要更多催化劑,成功
625,2608,嘉里大榮,$34.10,48.3,C+,20,63,50,低,SELL,75%,不建議配置或減碼,綜合評估一般，需要更多催化劑,成功
626,2610,華航,$20.60,43.2,C+,8,82,0,低,SELL,80%,不建議配置或減碼,綜合評估一般，需要更多催化劑,成功
627,2605,新興,$21.95,42.8,C+,18,60,30,低,SELL,77%,不建議配置或減碼,綜合評估一般，需要更多催化劑,成功
628,2606,裕民,$53.90,46.3,C+,23,78,0,低,SELL,72%,不建議配置或減碼,綜合評估一般，需要更多催化劑,成功
629,2603,長榮,$180.50,55.7,B,10,92,50,低,SELL,90%,小額試單5-10%,綜合評估一般，需要更多催化劑,成功
630,2609,陽明,$52.00,45.7,C+,8,92,0,低,SELL,85%,不建議配置或減碼,綜合評估一般，需要更多催化劑,成功
631,2601,益航,$5.74,27.9,D,5,27,50,中,SELL,75%,不建議配置或減碼,綜合評估一般，需要更多催化劑,成功
632,2611,志信,$15.00,33.5,C,13,35,50,中,SELL,80%,不建議配置或減碼,綜合評估一般，需要更多催化劑,成功
633,2612,中航,$48.70,49.1,C+,23,73,30,低,SELL,77%,不建議配置或減碼,綜合評估一般，需要更多催化劑,成功
634,2614,東森,$20.80,49.3,C+,35,53,50,低,SELL,60%,不建議配置或減碼,綜合評估一般，需要更多催化劑,成功
635,2615,萬海,$73.50,45.5,C+,3,92,10,低,SELL,85%,不建議配置或減碼,綜合評估一般，需要更多催化劑,成功
636,2616,山隆,$14.25,28.3,D,23,10,50,中,SELL,72%,不建議配置或減碼,綜合評估一般，需要更多催化劑,成功
637,2617,台航,$26.65,45.3,C+,13,70,30,低,SELL,80%,不建議配置或減碼,綜合評估一般，需要更多催化劑,成功
638,2613,中櫃,$24.70,35.5,C,8,47,30,低,SELL,80%,不建議配置或減碼,綜合評估一般，需要更多催化劑,成功
639,2630,亞航,$56.20,49.8,C+,58,32,50,低,HOLD,58%,不建議配置或減碼,綜合評估一般，需要更多催化劑,成功
640,2633,台灣高鐵,$27.80,58.8,B,40,60,80,低,SELL,50%,小額試單5-10%,綜合評估一般，需要更多催化劑,成功
641,2634,漢翔,$57.60,43.0,C+,43,30,50,低,HOLD,43%,不建議配置或減碼,綜合評估一般，需要更多催化劑,成功
642,2618,長榮航,$37.85,48.2,C+,13,87,10,低,SELL,80%,不建議配置或減碼,綜合評估一般，需要更多催化劑,成功
643,2637,慧洋-KY,$57.00,45.2,C+,8,77,25,低,SELL,80%,不建議配置或減碼,綜合評估一般，需要更多催化劑,成功
644,2642,宅配通,$29.85,36.0,C,40,17,50,中,SELL,65%,不建議配置或減碼,綜合評估一般，需要更多催化劑,成功
645,2636,台驊控股,$68.50,45.3,C+,13,70,30,低,SELL,80%,不建議配置或減碼,綜合評估一般，需要更多催化劑,成功
646,2646,星宇航空,$24.60,32.2,C,5,45,30,低,SELL,90%,不建議配置或減碼,綜合評估一般，需要更多催化劑,成功
647,2702,華園,$11.90,31.2,C,8,42,30,中,SELL,80%,不建議配置或減碼,綜合評估一般，需要更多催化劑,成功
648,2701,萬企,$11.15,53.3,B,50,43,50,低,HOLD,45%,小額試單5-10%,綜合評估一般，需要更多催化劑,成功
649,2645,長榮航太,$161.50,59.0,B,58,65,30,低,HOLD,58%,小額試單5-10%,綜合評估一般，需要更多催化劑,成功
650,2705,六福,$17.00,39.5,C,15,47,50,低,SELL,80%,不建議配置或減碼,綜合評估一般，需要更多催化劑,成功
651,2706,第一店,$13.20,48.0,C+,35,60,30,低,SELL,65%,不建議配置或減碼,綜合評估一般，需要更多催化劑,成功
652,2704,國賓,$41.70,28.8,D,18,25,30,中,SELL,82%,不建議配置或減碼,綜合評估一般，需要更多催化劑,成功
653,2712,遠雄來,$20.00,31.5,C,30,10,50,中,SELL,65%,不建議配置或減碼,綜合評估一般，需要更多催化劑,成功
654,2723,美食-KY,$72.20,33.8,C,8,45,30,低,SELL,80%,不建議配置或減碼,綜合評估一般，需要更多催化劑,成功
655,2707,晶華,$195.50,47.8,C+,43,58,15,低,HOLD,38%,不建議配置或減碼,綜合評估一般，需要更多催化劑,成功
656,2722,夏都,$27.15,23.6,D,8,20,30,中,SELL,80%,不建議配置或減碼,綜合評估一般，需要更多催化劑,成功
657,2731,雄獅,$156.00,57.8,B,38,72,50,低,SELL,57%,小額試單5-10%,綜合評估一般，需要更多催化劑,成功
658,2739,寒舍,$37.75,43.0,C+,20,52,50,低,SELL,70%,不建議配置或減碼,綜合評估一般，需要更多催化劑,成功
659,2727,王品,$226.00,43.2,C+,23,67,0,低,SELL,72%,不建議配置或減碼,綜合評估一般，需要更多催化劑,成功
660,2753,八方雲集,$197.50,57.0,B,38,70,50,低,SELL,57%,小額試單5-10%,綜合評估一般，需要更多催化劑,成功
661,2762,世界健身-KY,$78.50,72.0,A,55,50,75,低,HOLD,55%,可配置20-30%資金,基本面穩健，短期動能強勁，適合波段操作,成功
662,2748,雲品,$44.70,42.8,C+,8,68,30,低,SELL,80%,不建議配置或減碼,綜合評估一般，需要更多催化劑,成功
663,2801,彰銀,$20.15,71.1,A,55,41,95,低,HOLD,50%,可配置20-30%資金,綜合評估一般，需要更多催化劑,成功
664,2812,台中銀,$22.40,50.1,B,35,51,50,低,SELL,60%,小額試單5-10%,綜合評估一般，需要更多催化劑,成功
665,2816,旺旺保,$26.70,54.5,B,40,48,75,低,SELL,60%,小額試單5-10%,綜合評估一般，需要更多催化劑,成功
666,2820,華票,$16.40,51.2,B,35,50,60,低,SELL,55%,小額試單5-10%,綜合評估一般，需要更多催化劑,成功
667,2832,台產,$36.20,57.8,B,40,55,80,低,SELL,55%,小額試單5-10%,綜合評估一般，需要更多催化劑,成功
668,2834,臺企銀,$15.65,49.0,C+,50,48,10,低,HOLD,40%,不建議配置或減碼,綜合評估一般，需要更多催化劑,成功
669,2836,高雄銀,$11.95,55.3,B,45,43,75,低,HOLD,35%,小額試單5-10%,綜合評估一般，需要更多催化劑,成功
670,2836A,高雄銀甲特,$23.20,44.5,C+,35,35,50,低,SELL,65%,不建議配置或減碼,綜合評估一般，需要更多催化劑,成功
671,2838,聯邦銀,$18.45,73.0,A,77,33,75,低,BUY,95%,可配置20-30%資金,綜合評估一般，需要更多催化劑,成功
672,2845,遠東銀,$12.20,33.0,C,10,40,25,低,SELL,75%,不建議配置或減碼,綜合評估一般，需要更多催化劑,成功
673,2838A,聯邦銀甲特,$54.50,45.5,C+,50,25,50,低,HOLD,45%,不建議配置或減碼,綜合評估一般，需要更多催化劑,成功
674,2849,安泰銀,$13.20,25.3,D,5,23,30,低,SELL,80%,不建議配置或減碼,綜合評估一般，需要更多催化劑,成功
675,2855,統一證,$24.15,86.9,A+,71,63,100,低,BUY,95%,可配置20-30%資金,基本面穩健，短期動能強勁，適合波段操作,成功
676,2850,新產,$119.50,47.7,C+,30,62,30,低,SELL,75%,不建議配置或減碼,綜合評估一般，需要更多催化劑,成功
677,2852,第一保,$26.70,49.0,C+,35,48,50,低,SELL,60%,不建議配置或減碼,綜合評估一般，需要更多催化劑,成功
678,2880,華南金,$29.10,56.3,B,40,51,80,低,SELL,50%,小額試單5-10%,綜合評估一般，需要更多催化劑,成功
679,2851,中再保,$24.15,56.0,B,50,40,75,低,HOLD,45%,小額試單5-10%,綜合評估一般，需要更多催化劑,成功
680,2881,富邦金,$86.50,54.5,B,40,65,35,低,SELL,50%,小額試單5-10%,綜合評估一般，需要更多催化劑,成功
681,2867,三商壽,$6.42,57.8,B,70,30,75,中,BUY,95%,小額試單5-10%,基本面穩健，短期動能強勁，適合波段操作,成功
682,2881C,富邦金丙特,$54.10,57.5,B,40,65,50,低,SELL,55%,小額試單5-10%,綜合評估一般，需要更多催化劑,成功
683,2881A,富邦特,$63.50,72.8,A,55,65,50,低,HOLD,45%,可配置20-30%資金,綜合評估一般，需要更多催化劑,成功
684,2881B,富邦金乙特,$62.10,71.0,A,50,65,50,低,HOLD,45%,可配置20-30%資金,綜合評估一般，需要更多催化劑,成功
685,2882,國泰金,$65.00,52.3,B,38,65,25,低,SELL,57%,小額試單5-10%,綜合評估一般，需要更多催化劑,成功
686,2882B,國泰金乙特,$60.20,47.2,C+,15,65,50,低,SELL,80%,不建議配置或減碼,綜合評估一般，需要更多催化劑,成功
687,2882A,國泰特,$60.90,47.2,C+,15,65,50,低,SELL,80%,不建議配置或減碼,綜合評估一般，需要更多催化劑,成功
688,2883B,凱基金乙特,$7.71,54.5,B,50,57,30,低,HOLD,40%,小額試單5-10%,綜合評估一般，需要更多催化劑,成功
689,2883,凱基金,$14.90,38.5,C,15,57,10,低,SELL,80%,不建議配置或減碼,綜合評估一般，需要更多催化劑,成功
690,2884,玉山金,$32.60,32.8,C,5,51,10,低,SELL,80%,不建議配置或減碼,綜合評估一般，需要更多催化劑,成功
691,2885,元大金,$34.05,57.1,B,43,78,15,低,HOLD,38%,小額試單5-10%,綜合評估一般，需要更多催化劑,成功
692,2886,兆豐金,$41.80,56.4,B,50,41,75,低,HOLD,40%,小額試單5-10%,綜合評估一般，需要更多催化劑,成功
693,2887,台新新光金,$18.25,70.5,A,45,58,75,低,HOLD,35%,可配置20-30%資金,綜合評估一般，需要更多催化劑,成功
694,2887E,台新新光戊特一,$48.70,51.8,B,50,43,50,低,HOLD,40%,小額試單5-10%,綜合評估一般，需要更多催化劑,成功
695,2887F,台新新光戊特二,$44.30,44.8,C+,30,43,50,低,SELL,65%,不建議配置或減碼,綜合評估一般，需要更多催化劑,成功
696,2887Z1,台新新光己特,$16.15,46.3,C+,35,38,50,低,SELL,55%,不建議配置或減碼,綜合評估一般，需要更多催化劑,成功
697,2889,國票金,$15.20,32.0,C,10,35,25,低,SELL,80%,不建議配置或減碼,綜合評估一般，需要更多催化劑,成功
698,2891,中信金,$42.35,49.2,C+,20,72,35,低,SELL,75%,不建議配置或減碼,綜合評估一般，需要更多催化劑,成功
699,2891B,中信金乙特,$63.50,56.8,B,40,65,50,低,SELL,55%,小額試單5-10%,綜合評估一般，需要更多催化劑,成功
700,2890,永豐金,$25.35,58.0,B,55,58,35,低,HOLD,45%,小額試單5-10%,綜合評估一般，需要更多催化劑,成功
701,2891C,中信金丙特,$60.30,53.5,B,35,65,50,低,SELL,55%,小額試單5-10%,綜合評估一般，需要更多催化劑,成功
702,2892,第一金,$29.45,39.1,C,35,41,0,低,SELL,60%,不建議配置或減碼,綜合評估一般，需要更多催化劑,成功
703,2897B,王道銀乙特,$11.90,37.5,C,30,20,50,低,SELL,60%,不建議配置或減碼,綜合評估一般，需要更多催化劑,成功
704,2897,王道銀行,$9.04,42.0,C+,10,40,80,低,SELL,80%,不建議配置或減碼,綜合評估一般，需要更多催化劑,成功
705,2904,匯僑,$17.50,57.2,B,30,85,30,低,SELL,65%,小額試單5-10%,綜合評估一般，需要更多催化劑,成功
706,2901,欣欣,$25.75,55.0,B,50,52,50,低,HOLD,45%,小額試單5-10%,綜合評估一般，需要更多催化劑,成功
707,2903,遠百,$22.25,52.8,B,35,50,70,低,SELL,65%,小額試單5-10%,綜合評估一般，需要更多催化劑,成功
708,2905,三商,$12.70,49.5,C+,50,37,50,中,HOLD,50%,不建議配置或減碼,基本面穩健，短期動能強勁，適合波段操作,成功
709,2906,高林,$14.30,36.2,C,5,52,30,低,SELL,80%,不建議配置或減碼,綜合評估一般，需要更多催化劑,成功
710,2908,特力,$20.10,49.7,C+,50,37,50,低,HOLD,45%,不建議配置或減碼,綜合評估一般，需要更多催化劑,成功
711,2910,統領,$21.05,47.0,C+,25,50,50,低,SELL,70%,不建議配置或減碼,綜合評估一般，需要更多催化劑,成功
712,2911,麗嬰房,$5.10,39.5,C,45,20,50,中,HOLD,40%,不建議配置或減碼,綜合評估一般，需要更多催化劑,成功
713,2915,潤泰全,$51.30,47.6,C+,18,63,50,低,SELL,77%,不建議配置或減碼,綜合評估一般，需要更多催化劑,成功
714,2913,農林,$13.85,35.0,C,5,47,50,中,SELL,80%,不建議配置或減碼,綜合評估一般，需要更多催化劑,成功
715,2912,統一超,$248.00,39.5,C,8,65,15,低,SELL,95%,不建議配置或減碼,綜合評估一般，需要更多催化劑,成功
716,2923,鼎固-KY,$21.10,31.4,C,5,37,50,中,SELL,85%,不建議配置或減碼,綜合評估一般，需要更多催化劑,成功
717,2929,淘帝-KY,$9.21,31.9,C,20,27,30,低,SELL,70%,不建議配置或減碼,綜合評估一般，需要更多催化劑,成功
718,2939,永邑-KY,$26.25,20.5,D,5,10,50,中,SELL,80%,不建議配置或減碼,綜合評估一般，需要更多催化劑,成功
719,2945,三商家購,$37.05,41.3,C+,18,45,50,低,SELL,87%,不建議配置或減碼,綜合評估一般，需要更多催化劑,成功
720,3002,歐格,$16.05,40.8,C+,43,27,50,中,HOLD,38%,不建議配置或減碼,綜合評估一般，需要更多催化劑,成功
721,3003,健和興,$50.80,41.3,C+,23,40,50,低,SELL,72%,不建議配置或減碼,綜合評估一般，需要更多催化劑,成功
722,3006,晶豪科,$82.50,48.0,C+,50,30,50,中,HOLD,50%,不建議配置或減碼,基本面穩健，短期動能強勁，適合波段操作,成功
723,3011,今皓,$14.85,37.0,C,25,20,75,中,SELL,70%,不建議配置或減碼,綜合評估一般，需要更多催化劑,成功
724,3008,大立光,$2385.00,78.2,A,40,85,75,低,SELL,60%,可配置20-30%資金,綜合評估一般，需要更多催化劑,成功
725,3013,晟銘電,$123.00,50.5,B,25,60,50,低,SELL,75%,小額試單5-10%,綜合評估一般，需要更多催化劑,成功
726,3010,華立,$92.70,40.5,C+,13,65,10,低,SELL,80%,不建議配置或減碼,綜合評估一般，需要更多催化劑,成功
727,3005,神基,$147.00,57.8,B,38,75,50,低,SELL,62%,小額試單5-10%,綜合評估一般，需要更多催化劑,成功
728,3004,豐達科,$140.00,73.8,A,55,66,50,低,HOLD,50%,可配置20-30%資金,基本面穩健，短期動能強勁，適合波段操作,成功
729,3014,聯陽,$132.00,51.2,B,18,82,30,低,SELL,77%,小額試單5-10%,綜合評估一般，需要更多催化劑,成功
730,3016,嘉晶,$57.30,41.5,C+,48,15,50,低,HOLD,48%,不建議配置或減碼,基本面穩健，短期動能強勁，適合波段操作,成功
731,3018,隆銘綠能,$13.90,36.8,C,25,30,50,中,SELL,80%,不建議配置或減碼,綜合評估一般，需要更多催化劑,成功
732,3017,奇鋐,$1165.00,89.7,A+,70,72,100,低,BUY,90%,可配置20-30%資金,基本面優異且技術面向好，具備中長期投資價值,成功
733,3019,亞光,$155.00,72.8,A,43,75,75,低,HOLD,38%,可配置20-30%資金,綜合評估一般，需要更多催化劑,成功
734,3021,鴻名,$17.80,39.8,C,13,52,50,中,SELL,75%,不建議配置或減碼,綜合評估一般，需要更多催化劑,成功
735,3015,全漢,$53.20,29.5,D,13,27,35,低,SELL,80%,不建議配置或減碼,綜合評估一般，需要更多催化劑,成功
736,3022,威強電,$66.30,42.5,C+,15,58,30,低,SELL,80%,不建議配置或減碼,綜合評估一般，需要更多催化劑,成功
737,3025,星通,$41.80,49.0,C+,13,75,50,低,SELL,80%,不建議配置或減碼,綜合評估一般，需要更多催化劑,成功
738,3023,信邦,$224.50,49.5,C+,23,70,35,低,SELL,72%,不建議配置或減碼,綜合評估一般，需要更多催化劑,成功
739,3024,憶聲,$12.90,42.8,C+,23,53,30,低,SELL,72%,不建議配置或減碼,綜合評估一般，需要更多催化劑,成功
740,3027,盛達,$25.00,31.2,C,8,42,30,中,SELL,80%,不建議配置或減碼,綜合評估一般，需要更多催化劑,成功
741,3028,增你強,$31.45,44.0,C+,10,65,50,低,SELL,80%,不建議配置或減碼,綜合評估一般，需要更多催化劑,成功
742,3026,禾伸堂,$98.10,50.8,B,40,43,50,低,SELL,70%,小額試單5-10%,基本面穩健，短期動能強勁，適合波段操作,成功
743,3029,零壹,$121.50,70.5,A,35,70,80,低,SELL,60%,可配置20-30%資金,綜合評估一般，需要更多催化劑,成功
744,3030,德律,$162.50,48.3,C+,18,85,15,低,SELL,82%,不建議配置或減碼,綜合評估一般，需要更多催化劑,成功
745,3031,佰鴻,$21.00,52.8,B,35,50,75,低,SELL,75%,小額試單5-10%,綜合評估一般，需要更多催化劑,成功
746,3032,偉訓,$98.20,30.4,C,10,27,50,中,SELL,80%,不建議配置或減碼,綜合評估一般，需要更多催化劑,成功
747,3033,威健,$27.90,40.3,C+,15,58,15,低,SELL,80%,不建議配置或減碼,綜合評估一般，需要更多催化劑,成功
748,3034,聯詠,$418.50,41.2,C+,8,72,10,低,SELL,80%,不建議配置或減碼,綜合評估一般，需要更多催化劑,成功
749,3035,智原,$158.00,32.0,C,8,37,50,中,SELL,80%,不建議配置或減碼,綜合評估一般，需要更多催化劑,成功
750,3036,文曄,$134.00,59.2,B,45,65,50,低,HOLD,40%,小額試單5-10%,綜合評估一般，需要更多催化劑,成功
751,3037,欣興,$156.00,52.2,B,35,35,100,低,SELL,65%,小額試單5-10%,基本面穩健，短期動能強勁，適合波段操作,成功
752,3036A,文曄甲特,$50.70,53.5,B,35,65,50,低,SELL,55%,小額試單5-10%,綜合評估一般，需要更多催化劑,成功
753,3038,全台,$21.40,36.0,C,15,33,50,低,SELL,80%,不建議配置或減碼,綜合評估一般，需要更多催化劑,成功
754,3040,遠見,$65.80,41.2,C+,30,35,50,低,SELL,65%,不建議配置或減碼,綜合評估一般，需要更多催化劑,成功
755,3041,揚智,$27.80,44.8,C+,43,35,50,中,HOLD,38%,不建議配置或減碼,綜合評估一般，需要更多催化劑,成功
756,3042,晶技,$89.00,54.1,B,43,78,10,低,HOLD,38%,小額試單5-10%,綜合評估一般，需要更多催化劑,成功
757,3043,科風,$23.40,35.0,C,20,27,50,低,SELL,75%,不建議配置或減碼,綜合評估一般，需要更多催化劑,成功
758,3044,健鼎,$309.00,75.2,A,45,80,50,低,HOLD,40%,可配置20-30%資金,綜合評估一般，需要更多催化劑,成功
759,3045,台灣大,$109.00,71.0,A,45,70,50,低,HOLD,40%,可配置20-30%資金,綜合評估一般，需要更多催化劑,成功
760,3046,建碁,$43.35,43.5,C+,13,65,30,低,SELL,80%,不建議配置或減碼,綜合評估一般，需要更多催化劑,成功
761,3048,益登,$38.75,34.2,C,30,27,50,中,SELL,70%,不建議配置或減碼,綜合評估一般，需要更多催化劑,成功
762,3047,訊舟,$18.50,40.0,C+,23,52,30,低,SELL,72%,不建議配置或減碼,綜合評估一般，需要更多催化劑,成功
763,3050,鈺德,$12.20,32.5,C,5,40,50,中,SELL,80%,不建議配置或減碼,綜合評估一般，需要更多催化劑,成功
764,3049,精金,$6.75,44.5,C+,45,30,50,中,HOLD,40%,不建議配置或減碼,綜合評估一般，需要更多催化劑,成功
765,3052,夆典,$11.15,36.0,C,13,35,50,低,SELL,90%,不建議配置或減碼,綜合評估一般，需要更多催化劑,成功
766,3051,力特,$21.65,44.1,C+,13,58,50,低,SELL,80%,不建議配置或減碼,綜合評估一般，需要更多催化劑,成功
767,3054,立萬利,$24.55,48.0,C+,50,35,50,中,HOLD,40%,不建議配置或減碼,綜合評估一般，需要更多催化劑,成功
768,3055,蔚華科,$59.90,40.0,C+,45,15,50,中,HOLD,40%,不建議配置或減碼,基本面穩健，短期動能強勁，適合波段操作,成功
769,3056,富華新,$19.30,46.8,C+,3,87,30,低,SELL,85%,不建議配置或減碼,綜合評估一般，需要更多催化劑,成功
770,3058,立德,$11.20,35.3,C,48,10,50,中,HOLD,43%,不建議配置或減碼,綜合評估一般，需要更多催化劑,成功
771,3059,華晶科,$50.90,38.0,C,38,27,50,中,SELL,57%,不建議配置或減碼,綜合評估一般，需要更多催化劑,成功
